-- MySQL dump 10.13  Distrib 8.0.36, for Win64 (x86_64)
--
-- Host: 127.0.0.1    Database: quizcards_demo_01
-- ------------------------------------------------------
-- Server version	8.3.0

/*!40101 SET @OLD_CHARACTER_SET_CLIENT=@@CHARACTER_SET_CLIENT */;
/*!40101 SET @OLD_CHARACTER_SET_RESULTS=@@CHARACTER_SET_RESULTS */;
/*!40101 SET @OLD_COLLATION_CONNECTION=@@COLLATION_CONNECTION */;
/*!50503 SET NAMES utf8 */;
/*!40103 SET @OLD_TIME_ZONE=@@TIME_ZONE */;
/*!40103 SET TIME_ZONE='+00:00' */;
/*!40014 SET @OLD_UNIQUE_CHECKS=@@UNIQUE_CHECKS, UNIQUE_CHECKS=0 */;
/*!40014 SET @OLD_FOREIGN_KEY_CHECKS=@@FOREIGN_KEY_CHECKS, FOREIGN_KEY_CHECKS=0 */;
/*!40101 SET @OLD_SQL_MODE=@@SQL_MODE, SQL_MODE='NO_AUTO_VALUE_ON_ZERO' */;
/*!40111 SET @OLD_SQL_NOTES=@@SQL_NOTES, SQL_NOTES=0 */;

-- Drop and re-create database again
DROP DATABASE IF EXISTS quizcards_demo_01; -- or replace by your database name
CREATE DATABASE IF NOT EXISTS quizcards_demo_01; -- or replace by your database name
USE quizcards_demo_01; -- or replace by your database name

--
-- Table structure for table `app_roles`
--

DROP TABLE IF EXISTS `app_roles`;
/*!40101 SET @saved_cs_client     = @@character_set_client */;
/*!50503 SET character_set_client = utf8mb4 */;
CREATE TABLE `app_roles` (
  `role_id` bigint NOT NULL AUTO_INCREMENT,
  `role_name` varchar(50) NOT NULL,
  PRIMARY KEY (`role_id`)
) ENGINE=InnoDB AUTO_INCREMENT=4 DEFAULT CHARSET=utf8mb4 COLLATE=utf8mb4_0900_ai_ci;
/*!40101 SET character_set_client = @saved_cs_client */;

--
-- Dumping data for table `app_roles`
--

LOCK TABLES `app_roles` WRITE;
/*!40000 ALTER TABLE `app_roles` DISABLE KEYS */;
INSERT INTO `app_roles` VALUES (1,'ROLE_FREE_USER'),(2,'ROLE_PREMIUM_USER'),(3,'ROLE_ADMIN');
/*!40000 ALTER TABLE `app_roles` ENABLE KEYS */;
UNLOCK TABLES;

--
-- Table structure for table `app_users`
--

DROP TABLE IF EXISTS `app_users`;
/*!40101 SET @saved_cs_client     = @@character_set_client */;
/*!50503 SET character_set_client = utf8mb4 */;
CREATE TABLE `app_users` (
  `user_id` bigint NOT NULL AUTO_INCREMENT,
  `address` varchar(255) DEFAULT NULL,
  `avatar` varchar(255) DEFAULT NULL,
  `date_create` datetime(6) NOT NULL,
  `date_of_birth` date DEFAULT NULL,
  `email` varchar(255) NOT NULL,
  `enabled` bit(1) DEFAULT NULL,
  `first_name` varchar(50) DEFAULT NULL,
  `gender` bit(1) DEFAULT NULL,
  `hash_password` text NOT NULL,
  `last_name` varchar(50) DEFAULT NULL,
  `phone_number` varchar(255) DEFAULT NULL,
  `user_code` varchar(255) DEFAULT NULL,
  `user_name` varchar(50) NOT NULL,
  `role_id` bigint DEFAULT NULL,
  PRIMARY KEY (`user_id`),
  UNIQUE KEY `UKcdpifjw6dh83f6du6wxeo1xip` (`user_name`),
  UNIQUE KEY `UK4vj92ux8a2eehds1mdvmks473` (`email`),
  UNIQUE KEY `UKluegqhnh97oetaxjqdu6eqkpp` (`user_code`),
  KEY `fk_user_role_cascade` (`role_id`),
  CONSTRAINT `fk_user_role_cascade` FOREIGN KEY (`role_id`) REFERENCES `app_roles` (`role_id`) ON DELETE CASCADE
) ENGINE=InnoDB AUTO_INCREMENT=47 DEFAULT CHARSET=utf8mb4 COLLATE=utf8mb4_0900_ai_ci;
/*!40101 SET character_set_client = @saved_cs_client */;

--
-- Dumping data for table `app_users`
--

LOCK TABLES `app_users` WRITE;
/*!40000 ALTER TABLE `app_users` DISABLE KEYS */;
INSERT INTO `app_users` VALUES (31,NULL,NULL,'2024-11-19 20:11:51.048257','2021-01-19','user1111@example.com',_binary '','John',_binary '','$2a$10$sUSY.VeoId/EyneYtA9fiOrw7k3WVBOUXRZ7ThkdrUiWF8vZNV4UG','Peter',NULL,'PH7I2M89MJBK7S2L33Y19EF7','user1111',1),(32,NULL,'https://api.dicebear.com/7.x/lorelei/svg','2024-11-19 20:15:06.059265','2024-10-30','hailysuzy@yopmail.com',_binary '','Haily',_binary '','$2a$10$9sEYA5HzXGHOCQIJ1CItH.pu3qVg06mBNuUbM68qIUAPRzvDCOadC','Suzy',NULL,'2WUA8P53Q3RJAXQVUJQBE1EJ','hailysuzy',2),(34,NULL,'https://lh3.googleusercontent.com/a/ACg8ocJqxQHaFsTqvvtv2j3Qtwr1SnFAJ-7JLgb0pjX5L0k5sCMsrV8=s96-c','2024-11-23 15:02:25.903826',NULL,'nhinty402@gmail.com',_binary '','Nhi',_binary '','$2a$10$q0veyDaWAoz1fOJkDC4ccen7iv3NkMOArGBEAGM74tXDJHb5vjhNm','Nguyễn Thị Yến',NULL,'115843454365385933672','nhinty402',2),(35,NULL,NULL,'2024-12-06 22:56:52.293918','2024-12-01','trung@yopmail.com',_binary '','Trung',_binary '','$2a$10$xllbWETcOHioAf4AddYZY.jz5zUmzsSI8jJh3UaQq5XANLOg9.Ra6','Chinh',NULL,'3AI0L97O8377MTFVMD1VVBZU','trungchinh',2),(36,NULL,NULL,'2024-12-06 23:22:23.725826','2024-12-01','hoanguyen@yopmail.com',_binary '','nguyen',_binary '','$2a$10$tjXwEoPMvqBcK9L4/EA8LeA0F.GWcz5LE507CGe3ILGLavPhuFMPW','hoa',NULL,'D0K7W052XYQLBJ3RYWBKINEG','hoanguyen',2),(37,NULL,NULL,'2024-12-07 00:03:10.270321','2002-04-22','nina@yopmail.com',_binary '','nina',_binary '','$2a$10$18I.SFeVLttRYpzwYyItpuHaPo8L8SclQmAVeMRZ1QHZdFKWg9kwu','Doe',NULL,'A32HXPHX0GFQGJSQPYVR3QVR','ninadooeeeeeee',1),(38,NULL,NULL,'2024-12-07 00:08:37.681997','2024-12-01','lannguyen@yopmail.com',_binary '','lan',_binary '','$2a$10$.BeA9uljiCGn//CEzwaA.uES9NEoFaEvTQMLV.7/ppgSAY8de5FrG','nguyen',NULL,'HF57Z43JHV5ML76QSBZQWLUK','lannguyen',2),(39,NULL,'https://lh3.googleusercontent.com/a/ACg8ocLGjQdURbYN7X73L2YVtxoqlPpJW0yj9RxjXU-WQIWD_FT9ZhAP=s96-c','2024-12-28 04:01:21.887620',NULL,'yennhi0402dn@gmail.com',_binary '','Nhi',_binary '','','Nguyễn',NULL,'100344833672122726027','yennhi0402dn',2),(40,NULL,'https://lh3.googleusercontent.com/a/ACg8ocI0k7cRbnO5m6nY9E2sYRbYKGig0P529bbvgEzCtq3s85JQnOg=s96-c','2024-12-28 06:22:57.050659',NULL,'nguyentyennhi50@dtu.edu.vn',_binary '','Nhi',_binary '','','Nguyen Thi Yen',NULL,'115678849023838738240','nguyentyennhi50',1),(41,NULL,NULL,'2024-12-28 14:52:43.560493','2024-12-07','hanguyen@yopmail.com',_binary '','Nguyen',_binary '','$2a$10$R/IVLUHqM4SfaaNFQlIl/uIXB23.c8DO6K1/vfQbfCk5txCwUZLo.','Ha',NULL,'EQU3GZ7KW9RYOZ3OAIYE89ZM','hanguyen',2),(42,NULL,NULL,'2024-12-28 14:56:16.143947','2024-12-27','kienle@yopmail.com',_binary '','Kien',_binary '','$2a$10$2uuOv8S2N/t0Ig0vQnA4K.TtNDG/.C8FDWwtS2NbifqB/zEXeGx2S','Tran',NULL,'ZYJIGAKP52ETA407AP1JFKZW','letrungkien',2),(43,NULL,NULL,'2024-12-28 15:01:34.470344','2024-12-10','trantuannnn@yopmail.com',_binary '','Tuan',_binary '','$2a$10$eGBRtfaGgDpGy0rkDDDGiuoZKWsO4CnzbWSOms0YmolCzRVJNI0ju','Tran',NULL,'VC4CTHOD6Q0MAL77F8APUQCI','trantuannnn',2),(44,NULL,NULL,'2024-12-28 15:04:24.612030','2024-12-05','phuctaaaaaa@yopmail.com',_binary '','Ta',_binary '','$2a$10$n/37r/bHOle8o0AdK4jKsOm9KWonC/9CiP55Ko1Ho1Hk4GHZSUvzO','Phuc',NULL,'QD7OB3XY6QWTIT2RPAVEY0O4','PhucTaaaaaa',2),(45,NULL,NULL,'2024-12-28 21:09:57.289296','2024-12-06','annaaaaa@yopmail.com',_binary '','Anna',_binary '','$2a$10$eoLyyKowgjTtuSxLhgB68.o3Obsh0tjlQfS0z7sZ3pE7Y7UX.TviK','Dow',NULL,'LE63JY84KFYI5E3U9KV5Z5C9','Annaaaaa',2),(46,NULL,NULL,'2024-12-29 09:15:09.699440','2024-12-28','trangthanhan@yopmail.com',_binary '','Trang Thanh',_binary '','$2a$10$O.uvkwdzxyKGXJXf.nnno.lGgx.dZqNMurd60/EkaoQXcU9p3e2se','An',NULL,'ZKM9KZMH1NG8V3IITI9HQ2SO3VNZ','trangthanhan',3);
/*!40000 ALTER TABLE `app_users` ENABLE KEYS */;
UNLOCK TABLES;

--
-- Table structure for table `category_set_flashcards`
--

DROP TABLE IF EXISTS `category_set_flashcards`;
/*!40101 SET @saved_cs_client     = @@character_set_client */;
/*!50503 SET character_set_client = utf8mb4 */;
CREATE TABLE `category_set_flashcards` (
  `category_id` bigint NOT NULL AUTO_INCREMENT,
  `category_name` varchar(100) NOT NULL,
  PRIMARY KEY (`category_id`),
  FULLTEXT KEY `category_name` (`category_name`)
) ENGINE=InnoDB AUTO_INCREMENT=23 DEFAULT CHARSET=utf8mb4 COLLATE=utf8mb4_0900_ai_ci;
/*!40101 SET character_set_client = @saved_cs_client */;

--
-- Dumping data for table `category_set_flashcards`
--

LOCK TABLES `category_set_flashcards` WRITE;
/*!40000 ALTER TABLE `category_set_flashcards` DISABLE KEYS */;
INSERT INTO `category_set_flashcards` VALUES (1,'Mathematics'),(2,'Physics'),(3,'Chemistry'),(4,'Biology'),(5,'History'),(6,'Geography'),(7,'English Literature'),(8,'Computer Science'),(9,'Physical Education'),(10,'Economics'),(11,'Sociology'),(12,'Psychology'),(13,'Music'),(14,'Art'),(15,'Philosophy'),(16,'Political Science'),(17,'Law'),(18,'Vietnamese Language'),(19,'Environmental Science'),(20,'Astronomy'),(21,'Language');
/*!40000 ALTER TABLE `category_set_flashcards` ENABLE KEYS */;
UNLOCK TABLES;

--
-- Table structure for table `category_subscriptions`
--

DROP TABLE IF EXISTS `category_subscriptions`;
/*!40101 SET @saved_cs_client     = @@character_set_client */;
/*!50503 SET character_set_client = utf8mb4 */;
CREATE TABLE `category_subscriptions` (
  `category_subscriptions_id` bigint NOT NULL AUTO_INCREMENT,
  `created_at` datetime(6) NOT NULL,
  `subscriptions_description` text,
  `expired_month` int NOT NULL,
  `max_flashcards_per_set` int DEFAULT NULL,
  `max_rooms_create_per_day` int DEFAULT NULL,
  `max_sets_flashcards` int DEFAULT NULL,
  `max_sets_per_day` int DEFAULT NULL,
  `max_terms_per_room` int DEFAULT NULL,
  `category_subscriptions_name` varchar(100) NOT NULL,
  `price` decimal(10,2) NOT NULL,
  `updated_at` datetime(6) DEFAULT NULL,
  PRIMARY KEY (`category_subscriptions_id`)
) ENGINE=InnoDB AUTO_INCREMENT=3 DEFAULT CHARSET=utf8mb4 COLLATE=utf8mb4_0900_ai_ci;
/*!40101 SET character_set_client = @saved_cs_client */;

--
-- Dumping data for table `category_subscriptions`
--

LOCK TABLES `category_subscriptions` WRITE;
/*!40000 ALTER TABLE `category_subscriptions` DISABLE KEYS */;
INSERT INTO `category_subscriptions` VALUES (1,'2024-12-28 03:46:52.877643','Free plans',0,10,2,1,1,20,'Free Plan',0.00,'2024-12-28 03:46:52.877643'),(2,'2024-12-28 03:46:52.890601','Premium plans',1,2000,2147483647,2147483647,2147483647,50,'Premium Plan',50000.00,'2024-12-28 03:46:52.890601');
/*!40000 ALTER TABLE `category_subscriptions` ENABLE KEYS */;
UNLOCK TABLES;

--
-- Table structure for table `collection`
--

DROP TABLE IF EXISTS `collection`;
/*!40101 SET @saved_cs_client     = @@character_set_client */;
/*!50503 SET character_set_client = utf8mb4 */;
CREATE TABLE `collection` (
  `id` bigint NOT NULL AUTO_INCREMENT,
  `created_at` datetime(6) DEFAULT NULL,
  `updated_at` datetime(6) DEFAULT NULL,
  `folder_id` bigint NOT NULL,
  `set_id` bigint NOT NULL,
  PRIMARY KEY (`id`),
  UNIQUE KEY `unique_collection` (`folder_id`,`set_id`),
  KEY `fk_collection_set_cascade` (`set_id`),
  CONSTRAINT `fk_collection_folder_cascade` FOREIGN KEY (`folder_id`) REFERENCES `folders` (`folder_id`) ON DELETE CASCADE,
  CONSTRAINT `fk_collection_set_cascade` FOREIGN KEY (`set_id`) REFERENCES `set_flashcards` (`set_id`) ON DELETE CASCADE
) ENGINE=InnoDB AUTO_INCREMENT=58 DEFAULT CHARSET=utf8mb4 COLLATE=utf8mb4_0900_ai_ci;
/*!40101 SET character_set_client = @saved_cs_client */;

--
-- Dumping data for table `collection`
--

LOCK TABLES `collection` WRITE;
/*!40000 ALTER TABLE `collection` DISABLE KEYS */;
INSERT INTO `collection` VALUES (25,'2024-12-10 17:25:30.000000','2024-12-10 17:25:30.000000',2,93),(26,'2024-12-10 17:26:51.000000','2024-12-10 17:26:51.000000',2,102),(27,'2024-12-10 17:26:52.000000','2024-12-10 17:26:52.000000',2,103),(28,'2024-12-10 17:26:52.000000','2024-12-10 17:26:52.000000',2,101),(29,'2024-12-10 17:29:17.000000','2024-12-10 17:29:17.000000',11,101),(30,'2024-12-10 17:29:19.000000','2024-12-10 17:29:19.000000',11,93),(31,'2024-12-10 17:29:19.000000','2024-12-10 17:29:19.000000',11,96),(32,'2024-12-10 17:29:38.000000','2024-12-10 17:29:38.000000',11,105),(37,'2024-12-28 20:48:47.000000','2024-12-28 20:48:47.000000',23,98),(38,'2024-12-28 20:55:47.000000','2024-12-28 20:55:47.000000',23,123),(39,'2024-12-28 20:55:49.000000','2024-12-28 20:55:49.000000',23,103),(45,'2024-12-29 09:53:37.000000','2024-12-29 09:53:37.000000',14,103),(46,'2024-12-29 09:53:38.000000','2024-12-29 09:53:38.000000',14,99),(47,'2024-12-29 09:53:38.000000','2024-12-29 09:53:38.000000',14,97),(48,'2024-12-29 09:53:39.000000','2024-12-29 09:53:39.000000',14,98),(49,'2024-12-29 09:53:40.000000','2024-12-29 09:53:40.000000',14,118),(50,'2024-12-29 09:53:40.000000','2024-12-29 09:53:40.000000',14,96),(51,'2024-12-29 09:54:07.000000','2024-12-29 09:54:07.000000',26,100),(52,'2024-12-29 09:54:08.000000','2024-12-29 09:54:08.000000',26,118),(53,'2024-12-29 09:54:18.000000','2024-12-29 09:54:18.000000',25,103),(54,'2024-12-29 09:54:42.000000','2024-12-29 09:54:42.000000',27,98),(55,'2024-12-29 09:55:18.000000','2024-12-29 09:55:18.000000',27,136),(56,'2024-12-29 09:55:18.000000','2024-12-29 09:55:18.000000',27,135),(57,'2024-12-29 09:55:19.000000','2024-12-29 09:55:19.000000',27,96);
/*!40000 ALTER TABLE `collection` ENABLE KEYS */;
UNLOCK TABLES;

--
-- Table structure for table `deadline_reminders`
--

DROP TABLE IF EXISTS `deadline_reminders`;
/*!40101 SET @saved_cs_client     = @@character_set_client */;
/*!50503 SET character_set_client = utf8mb4 */;
CREATE TABLE `deadline_reminders` (
  `deadline_reminders_id` bigint NOT NULL AUTO_INCREMENT,
  `reminder_time` datetime(6) NOT NULL,
  `set_id` bigint DEFAULT NULL,
  `user_id` bigint DEFAULT NULL,
  PRIMARY KEY (`deadline_reminders_id`),
  KEY `idx_user_id` (`user_id`),
  KEY `idx_set_id` (`set_id`),
  CONSTRAINT `FKdy3g5knr4s2dumiv9071wj7ma_cascade` FOREIGN KEY (`set_id`) REFERENCES `set_flashcards` (`set_id`) ON DELETE CASCADE,
  CONSTRAINT `FKot1lv9s781c9ep2u5px9yoqr9_cascade` FOREIGN KEY (`user_id`) REFERENCES `app_users` (`user_id`) ON DELETE CASCADE
) ENGINE=InnoDB AUTO_INCREMENT=10 DEFAULT CHARSET=utf8mb4 COLLATE=utf8mb4_0900_ai_ci;
/*!40101 SET character_set_client = @saved_cs_client */;

--
-- Dumping data for table `deadline_reminders`
--

LOCK TABLES `deadline_reminders` WRITE;
/*!40000 ALTER TABLE `deadline_reminders` DISABLE KEYS */;
INSERT INTO `deadline_reminders` VALUES (1,'2024-12-31 02:10:00.000000',110,44),(2,'2024-12-29 02:10:00.000000',103,44),(3,'2024-12-31 01:06:00.000000',111,44),(4,'2024-12-31 01:05:00.000000',98,44),(5,'2024-12-31 00:00:00.000000',103,39),(6,'2025-03-11 00:00:00.000000',98,39),(7,'2024-12-29 05:00:00.000000',117,39),(8,'2024-12-29 11:20:00.000000',108,46),(9,'2024-12-30 11:00:00.000000',103,46);
/*!40000 ALTER TABLE `deadline_reminders` ENABLE KEYS */;
UNLOCK TABLES;

--
-- Table structure for table `exam_details`
--

DROP TABLE IF EXISTS `exam_details`;
/*!40101 SET @saved_cs_client     = @@character_set_client */;
/*!50503 SET character_set_client = utf8mb4 */;
CREATE TABLE `exam_details` (
  `ex_id` bigint NOT NULL AUTO_INCREMENT,
  `is_true` bit(1) DEFAULT NULL,
  `your_answer` varchar(1850) DEFAULT NULL,
  `flashcard_id` bigint NOT NULL,
  `test_id` bigint NOT NULL,
  PRIMARY KEY (`ex_id`),
  KEY `idx_test_id` (`test_id`),
  KEY `idx_flashcard_id` (`flashcard_id`),
  CONSTRAINT `FKbxnrblamogj50cpy0k5rp8bvo_cascade` FOREIGN KEY (`flashcard_id`) REFERENCES `flashcards` (`card_id`) ON DELETE CASCADE,
  CONSTRAINT `FKhu7e8gssgamfq8vfc780nocob_cascade` FOREIGN KEY (`test_id`) REFERENCES `test` (`test_id`) ON DELETE CASCADE
) ENGINE=InnoDB DEFAULT CHARSET=utf8mb4 COLLATE=utf8mb4_0900_ai_ci;
/*!40101 SET character_set_client = @saved_cs_client */;

--
-- Dumping data for table `exam_details`
--

LOCK TABLES `exam_details` WRITE;
/*!40000 ALTER TABLE `exam_details` DISABLE KEYS */;
/*!40000 ALTER TABLE `exam_details` ENABLE KEYS */;
UNLOCK TABLES;

--
-- Table structure for table `flashcards`
--

DROP TABLE IF EXISTS `flashcards`;
/*!40101 SET @saved_cs_client     = @@character_set_client */;
/*!50503 SET character_set_client = utf8mb4 */;
CREATE TABLE `flashcards` (
  `card_id` bigint NOT NULL AUTO_INCREMENT,
  `answer` varchar(500) NOT NULL,
  `created_at` datetime(6) DEFAULT NULL,
  `image_url` varchar(255) DEFAULT NULL,
  `is_approved` bit(1) DEFAULT NULL,
  `question` varchar(500) NOT NULL,
  `updated_at` datetime(6) DEFAULT NULL,
  `set_id` bigint NOT NULL,
  PRIMARY KEY (`card_id`),
  KEY `idx_flashcards_question` (`question`),
  KEY `idx_flashcards_answer` (`answer`),
  KEY `fk_flashcard_set_cascade` (`set_id`),
  CONSTRAINT `fk_flashcard_set_cascade` FOREIGN KEY (`set_id`) REFERENCES `set_flashcards` (`set_id`) ON DELETE CASCADE
) ENGINE=InnoDB AUTO_INCREMENT=878 DEFAULT CHARSET=utf8mb4 COLLATE=utf8mb4_0900_ai_ci;
/*!40101 SET character_set_client = @saved_cs_client */;

--
-- Dumping data for table `flashcards`
--

LOCK TABLES `flashcards` WRITE;
/*!40000 ALTER TABLE `flashcards` DISABLE KEYS */;
INSERT INTO `flashcards` VALUES (169,'B. Hiến pháp',NULL,'',_binary '','Luật cơ bản nhất của nước Cộng hòa Xã hội Chủ nghĩa Việt Nam là gì?\n\nA. Bộ luật Dân sự\n\nB. Hiến pháp\n\nC. Bộ luật Hình sự\n\nD. Luật Lao động',NULL,91),(170,'B. Chương II',NULL,'',_binary '','Quyền con người, quyền công dân được quy định trong Hiến pháp thuộc chương nào?\n\nA. Chương I\n\nB. Chương II\n\nC. Chương III\n\nD. Chương IV',NULL,91),(171,'C. Quyền dân sự',NULL,'',_binary '','Nguyên tắc “Mọi người đều bình đẳng trước pháp luật” thuộc loại quyền nào?\n\nA. Quyền chính trị\n\nB. Quyền kinh tế\n\nC. Quyền dân sự\n\nD. Quyền tự do cá nhân',NULL,91),(172,'B. Quốc hội',NULL,'',_binary '','Ai có thẩm quyền ban hành Luật tại Việt Nam?\n\nA. Chủ tịch nước\n\nB. Quốc hội\n\nC. Chính phủ\n\nD. Thủ tướng Chính phủ',NULL,91),(173,'B. 2017',NULL,'',_binary '','Bộ luật Hình sự Việt Nam hiện nay có hiệu lực từ năm nào?\n\nA. 2015\n\nB. 2017\n\nC. 2019\n\nD. 2020',NULL,91),(174,'A. 14 tuổi',NULL,'',_binary '','Tuổi chịu trách nhiệm hình sự tại Việt Nam bắt đầu từ bao nhiêu tuổi?\n\nA. 14 tuổi\n\nB. 16 tuổi\n\nC. 18 tuổi\n\nD. 20 tuổi',NULL,91),(175,'A. Luật Sở hữu trí tuệ',NULL,'',_binary '','Trong pháp luật Việt Nam, quyền sở hữu trí tuệ được quy định trong luật nào?\n\nA. Luật Sở hữu trí tuệ\n\nB. Bộ luật Dân sự\n\nC. Luật Thương mại\n\nD. Luật Doanh nghiệp',NULL,91),(176,'A. Tòa án Nhân dân',NULL,'',_binary '','Cơ quan nào có nhiệm vụ xét xử các vụ án dân sự?\n\nA. Tòa án Nhân dân\n\nB. Ủy ban Nhân dân\n\nC. Viện Kiểm sát Nhân dân\n\nD. Hội đồng Nhân dân',NULL,91),(177,'C. 3 năm',NULL,'',_binary '','Hiện nay, thời hiệu khởi kiện về dân sự là bao nhiêu năm kể từ ngày quyền và lợi ích bị xâm phạm?\n\nA. 1 năm\n\nB. 2 năm\n\nC. 3 năm\n\nD. 5 năm',NULL,91),(178,'D. Tất cả các hình thức trên',NULL,'',_binary '','Trong quan hệ lao động, hợp đồng lao động có thể được ký kết bằng hình thức nào?\n\nA. Bằng văn bản\n\nB. Bằng lời nói\n\nC. Bằng hành vi thực hiện công việc\n\nD. Tất cả các hình thức trên',NULL,91),(179,'A. Quyền chính trị',NULL,'',_binary '','Quyền bầu cử và ứng cử là quyền gì?\n\nA. Quyền chính trị\n\nB. Quyền dân sự\n\nC. Quyền kinh tế\n\nD. Quyền lao động',NULL,91),(180,'B. Chính phủ',NULL,'',_binary '','Cơ quan nào có thẩm quyền ban hành nghị định tại Việt Nam?\n\nA. Quốc hội\n\nB. Chính phủ\n\nC. Ủy ban Nhân dân\n\nD. Chủ tịch nước',NULL,91),(181,'D. Tử hình',NULL,'',_binary '','Hình phạt nặng nhất trong Bộ luật Hình sự Việt Nam là gì?\n\nA. Tù chung thân\n\nB. Phạt tiền\n\nC. Cải tạo không giam giữ\n\nD. Tử hình',NULL,91),(182,'C. 18 tuổi',NULL,'',_binary '','Pháp luật Việt Nam quy định trẻ em là người dưới bao nhiêu tuổi?\n\nA. 14 tuổi\n\nB. 16 tuổi\n\nC. 18 tuổi\n\nD. 20 tuổi',NULL,91),(183,'D. Quyền sử dụng tài sản',NULL,'',_binary '','Quyền sử dụng đất ở Việt Nam thuộc loại quyền gì?\n\nA. Quyền sở hữu tài sản\n\nB. Quyền tài sản đặc biệt\n\nC. Quyền sở hữu công cộng\n\nD. Quyền sử dụng tài sản',NULL,91),(184,'B. 18 tuổi đối với nữ, 20 tuổi đối với nam',NULL,'',_binary '','Luật Hôn nhân và Gia đình Việt Nam quy định độ tuổi kết hôn tối thiểu là bao nhiêu?\n\nA. 16 tuổi đối với nữ, 18 tuổi đối với nam\n\nB. 18 tuổi đối với nữ, 20 tuổi đối với nam\n\nC. 20 tuổi đối với nữ, 22 tuổi đối với nam\n\nD. Không có quy định cụ thể',NULL,91),(185,'D. Tất cả các quyền trên',NULL,'',_binary '','Người bị tạm giam có quyền gì theo quy định của pháp luật?\n\nA. Quyền gặp luật sư\n\nB. Quyền viết thư\n\nC. Quyền kháng cáo\n\nD. Tất cả các quyền trên',NULL,91),(186,'B. Công ty TNHH',NULL,'',_binary '','Trong luật doanh nghiệp, loại hình doanh nghiệp nào có tư cách pháp nhân?\n\nA. Doanh nghiệp tư nhân\n\nB. Công ty TNHH\n\nC. Hộ kinh doanh cá thể\n\nD. Doanh nghiệp liên kết',NULL,91),(187,'B. Quốc hội',NULL,'',_binary '','Ai có thẩm quyền bổ nhiệm Thủ tướng Chính phủ?\n\nA. Chủ tịch nước\n\nB. Quốc hội\n\nC. Chính phủ\n\nD. Bộ Chính trị',NULL,91),(188,'D. Chương về các tội phạm về chức vụ',NULL,'',_binary '','Tội tham ô tài sản được quy định trong chương nào của Bộ luật Hình sự?\n\nA. Chương về các tội xâm phạm trật tự công cộng\n\nB. Chương về các tội phạm kinh tế\n\nC. Chương về các tội xâm phạm quyền sở hữu\n\nD. Chương về các tội phạm về chức vụ',NULL,91),(189,'D. Quyền lựa chọn hệ thống chính trị, kinh tế, văn hóa',NULL,'',_binary '','Trong pháp luật quốc tế, quyền tự quyết của các dân tộc được hiểu là gì?\n\nA. Quyền tự do kinh tế\n\nB. Quyền tự chủ về chính trị\n\nC. Quyền tự do thương mại\n\nD. Quyền lựa chọn hệ thống chính trị, kinh tế, văn hóa',NULL,91),(190,'C. 90 ngày',NULL,'',_binary '','Thời gian thử việc tối đa đối với công việc yêu cầu trình độ cao là bao lâu?\n\nA. 30 ngày\n\nB. 60 ngày\n\nC. 90 ngày\n\nD. 120 ngày',NULL,91),(191,'D. Tất cả các điều kiện trên',NULL,'',_binary '','Người nước ngoài muốn nhập quốc tịch Việt Nam phải đáp ứng điều kiện nào?\n\nA. Có năng lực hành vi dân sự đầy đủ\n\nB. Có thời gian cư trú liên tục tại Việt Nam từ 5 năm trở lên\n\nC. Tôn trọng Hiến pháp và pháp luật Việt Nam\n\nD. Tất cả các điều kiện trên',NULL,91),(192,'D. Tất cả các yếu tố trên',NULL,'',_binary '','Trong hợp đồng dân sự, yếu tố nào bắt buộc phải có?\n\nA. Chủ thể\n\nB. Nội dung\n\nC. Hình thức\n\nD. Tất cả các yếu tố trên',NULL,91),(193,'B. Tòa án Nhân dân',NULL,'',_binary '','Trong trường hợp tranh chấp hợp đồng lao động, người lao động có thể nộp đơn kiện ở đâu?\n\nA. Cơ quan Công an\n\nB. Tòa án Nhân dân\n\nC. Phòng Lao động, Thương binh và Xã hội\n\nD. Ủy ban Nhân dân',NULL,91),(194,'B. Quyền dân sự',NULL,'',_binary '','Quyền tiếp cận thông tin là quyền gì?\n\nA. Quyền chính trị\n\nB. Quyền dân sự\n\nC. Quyền kinh tế\n\nD. Quyền lao động',NULL,91),(195,'D. Tất cả các hành vi trên',NULL,'',_binary '','Trong luật cạnh tranh, hành vi lạm dụng vị trí thống lĩnh thị trường là hành vi gì?\n\nA. Hạ giá bán để tiêu diệt đối thủ\n\nB. Thỏa thuận hạn chế cạnh tranh\n\nC. Lợi dụng độc quyền để áp đặt giá\n\nD. Tất cả các hành vi trên',NULL,91),(196,'D. Tất cả các trường hợp trên',NULL,'',_binary '','Khi nào hợp đồng lao động có thể bị đơn phương chấm dứt hợp pháp?\n\nA. Khi có sự thỏa thuận giữa hai bên\n\nB. Khi người lao động vi phạm kỷ luật nghiêm trọng\n\nC. Khi có lý do chính đáng theo quy định của pháp luật\n\nD. Tất cả các trường hợp trên',NULL,91),(197,'C. Bộ Tư pháp',NULL,'',_binary '','Ai chịu trách nhiệm kiểm tra tính hợp pháp của các văn bản do các cơ quan nhà nước ban hành?\n\nA. Chính phủ\n\nB. Viện Kiểm sát Nhân dân\n\nC. Bộ Tư pháp\n\nD. Quốc hội',NULL,91),(198,'B. 3.14',NULL,'',_binary '','What is the value of π (pi) to two decimal places?\n\nA. 3.12\n\nB. 3.14\n\nC. 3.16\n\nD. 3.18',NULL,92),(199,'B. 9',NULL,'',_binary '','What is the square root of 81?\n\nA. 8\n\nB. 9\n\nC. 10\n\nD. 11',NULL,92),(200,'A. 25π',NULL,'',_binary '','What is the area of a circle with a radius of 5 units?\n\nA. 25π\n\nB. 5π\n\nC. 10π\n\nD. 20π',NULL,92),(201,'A. 49',NULL,'',_binary '','What is the value of 7 raised to the power of 2?\n\nA. 49\n\nB. 56\n\nC. 63\n\nD. 72',NULL,92),(202,'B. 180°',NULL,'',_binary '','What is the sum of the interior angles of a triangle?\n\nA. 90°\n\nB. 180°\n\nC. 270°\n\nD. 360°',NULL,92),(203,'A. 120',NULL,'',_binary '','What is the value of 5 factorial (5!)?\n\nA. 120\n\nB. 100\n\nC. 24\n\nD. 30',NULL,92),(204,'B. 5',NULL,'',_binary '','What is the hypotenuse of a right triangle with legs of lengths 3 and 4?\n\nA. 4\n\nB. 5\n\nC. 6\n\nD. 7',NULL,92),(205,'C. Equilateral',NULL,'',_binary '','If a triangle has angles of 60°, 60°, and 60°, what type of triangle is it?\n\nA. Scalene\n\nB. Isosceles\n\nC. Equilateral\n\nD. Right',NULL,92),(206,'B. 28',NULL,'',_binary '','What is the perimeter of a rectangle with length 8 units and width 6 units?\n\nA. 14\n\nB. 28\n\nC. 48\n\nD. 24',NULL,92),(207,'B. x = 4',NULL,'',_binary '','What is the value of 2x + 3 = 11?\n\nA. x = 3\n\nB. x = 4\n\nC. x = 5\n\nD. x = 6',NULL,92),(208,'A. 6',NULL,'',_binary '','How many sides does a hexagon have?\n\nA. 6\n\nB. 7\n\nC. 8\n\nD. 9',NULL,92),(209,'C. 64',NULL,'',_binary '','What is the volume of a cube with side length 4 units?\n\nA. 12\n\nB. 16\n\nC. 64\n\nD. 36',NULL,92),(210,'B. 2',NULL,'',_binary '','What is the slope of the line y = 2x + 5?\n\nA. 1\n\nB. 2\n\nC. -2\n\nD. 5',NULL,92),(211,'C. 12',NULL,'',_binary '','What is the perimeter of a square with side length 3 units?\n\nA. 6\n\nB. 9\n\nC. 12\n\nD. 15',NULL,92),(212,'A. 20',NULL,'',_binary '','What is the area of a triangle with base 10 units and height 4 units?\n\nA. 20\n\nB. 30\n\nC. 40\n\nD. 50',NULL,92),(213,'B. Length × Width',NULL,'',_binary '','What is the formula for the area of a rectangle?\n\nA. Length × Height\n\nB. Length × Width\n\nC. Height × Width\n\nD. 2 × (Length + Width)',NULL,92),(214,'C. x = 3',NULL,'',_binary '','What is 3x + 2 = 11?\n\nA. x = 2\n\nB. x = 3\n\nC. x = 4\n\nD. x = 5',NULL,92),(215,'B. 1000',NULL,'',_binary '','What is the value of 10^3?\n\nA. 100\n\nB. 1000\n\nC. 10000\n\nD. 100000',NULL,92),(216,'C. 3',NULL,'',_binary '','What is the median of the following numbers: 1, 2, 3, 4, 5?\n\nA. 1\n\nB. 2\n\nC. 3\n\nD. 4',NULL,92),(217,'B. 5',NULL,'',_binary '','What is the value of 15 divided by 3?\n\nA. 4\n\nB. 5\n\nC. 6\n\nD. 7',NULL,92),(218,'B. 15',NULL,'',_binary '','What is the area of a rectangle with length 5 units and width 3 units?\n\nA. 8\n\nB. 15\n\nC. 18\n\nD. 25',NULL,92),(219,'A. 34',NULL,'',_binary '','What is the result of 5^2 + 3^2?\n\nA. 34\n\nB. 25\n\nC. 16\n\nD. 10',NULL,92),(220,'C. 8',NULL,'',_binary '','What is the value of √64?\n\nA. 6\n\nB. 7\n\nC. 8\n\nD. 9',NULL,92),(221,'B. 42',NULL,'',_binary '','What is the product of 6 and 7?\n\nA. 36\n\nB. 42\n\nC. 48\n\nD. 54',NULL,92),(222,'C. 5',NULL,'',_binary '','What is the distance between the points (1, 1) and (4, 5)?\n\nA. 4\n\nB. 5\n\nC. 6\n\nD. 7',NULL,92),(223,'A. 28',NULL,'',_binary '','What is the sum of the first 5 prime numbers?\n\nA. 28\n\nB. 30\n\nC. 32\n\nD. 35',NULL,92),(224,'B. 49π',NULL,'',_binary '','What is the area of a circle with radius 7 units?\n\nA. 14π\n\nB. 49π\n\nC. 56π\n\nD. 63π',NULL,92),(225,'C. x = 5',NULL,'',_binary '','What is 3x – 5 = 10?\n\nA. x = 3\n\nB. x = 5\n\nC. x = 7\n\nD. x = 8',NULL,92),(226,'B. 2',NULL,'',_binary '','What is the slope of the line that passes through the points (2, 3) and (4, 7)?\n\nA. 1\n\nB. 2\n\nC. 3\n\nD. 4',NULL,92),(227,'C. 84',NULL,'',_binary '','What is the area of a rectangle with a length of 12 units and width of 7 units?\n\nA. 84\n\nB. 100\n\nC. 70\n\nD. 120',NULL,92),(228,'D. 16',NULL,'',_binary '','What is 2^4?\n\nA. 8\n\nB. 10\n\nC. 12\n\nD. 16',NULL,92),(229,'B. Natri',NULL,'',_binary '','Chất nào dưới đây là kim loại?\n\nA. Oxy\n\nB. Natri\n\nC. Lưu huỳnh\n\nD. Nitơ',NULL,93),(230,'A. H2O',NULL,'',_binary '','Công thức hóa học của nước là gì?\n\nA. H2O\n\nB. CO2\n\nC. H2SO4\n\nD. NaCl',NULL,93),(231,'A. Oxy',NULL,'',_binary '','Nguyên tử nào có số proton là 8?\n\nA. Oxy\n\nB. Nitơ\n\nC. Cacbon\n\nD. Lưu huỳnh',NULL,93),(232,'B. HCl',NULL,'',_binary '','Hợp chất nào dưới đây là axit?\n\nA. NaOH\n\nB. HCl\n\nC. NaCl\n\nD. CH4',NULL,93),(233,'C. Liti',NULL,'',_binary '','Kim loại nào nhẹ nhất?\n\nA. Sắt\n\nB. Magie\n\nC. Liti\n\nD. Nhôm',NULL,93),(234,'B. CO2',NULL,'',_binary '','Công thức hóa học của khí carbon dioxide là gì?\n\nA. CO\n\nB. CO2\n\nC. H2CO3\n\nD. C6H12O6',NULL,93),(235,'D. Hydro',NULL,'',_binary '','Nguyên tử nào có số proton là 1?\n\nA. Heli\n\nB. Liti\n\nC. Oxy\n\nD. Hydro',NULL,93),(236,'B. Sắt bị gỉ',NULL,'',_binary '','Phản ứng nào dưới đây là phản ứng hóa học?\n\nA. Nước đóng băng\n\nB. Sắt bị gỉ\n\nC. Nước bay hơi\n\nD. Nước sôi',NULL,93),(237,'A. H2SO4',NULL,'',_binary '','Hợp chất nào dưới đây có tính axit mạnh nhất?\n\nA. H2SO4\n\nB. NaOH\n\nC. NaCl\n\nD. CH4',NULL,93),(238,'B. Nước',NULL,'',_binary '','Chất nào sau đây là dung môi trong nước?\n\nA. Rượu\n\nB. Nước\n\nC. Dầu ăn\n\nD. Cồn',NULL,93),(239,'C. Flo',NULL,'',_binary '','Trong bảng tuần hoàn, nguyên tố nào đứng sau oxi?\n\nA. Nitơ\n\nB. Cacbon\n\nC. Flo\n\nD. Neon',NULL,93),(240,'A. 2H2 + O2 → 2H2O',NULL,'',_binary '','Phản ứng hóa học nào sau đây là phản ứng oxi hóa khử?\n\nA. 2H2 + O2 → 2H2O\n\nB. NaCl → Na + Cl2\n\nC. Fe + O2 → Fe2O3\n\nD. H2O → H2 + O2',NULL,93),(241,'A. Muối và nước',NULL,'',_binary '','Trong phản ứng giữa axit và bazơ, sản phẩm tạo ra là gì?\n\nA. Muối và nước\n\nB. Muối và oxi\n\nC. Nước và khí\n\nD. Nước và axit',NULL,93),(242,'A. Dẫn điện',NULL,'',_binary '','Đặc điểm nào sau đây của kim loại?\n\nA. Dẫn điện\n\nB. Dẫn nhiệt kém\n\nC. Không có tính dẻo\n\nD. Màu sắc sáng bóng',NULL,93),(243,'B. H2O → H2 + O2',NULL,'',_binary '','Phản ứng nào sau đây là phản ứng phân hủy?\n\nA. NaCl → Na + Cl2\n\nB. H2O → H2 + O2\n\nC. H2SO4 + NaOH → Na2SO4 + H2O\n\nD. C + O2 → CO2',NULL,93),(244,'B. NaCl',NULL,'',_binary '','Hợp chất nào dưới đây là muối?\n\nA. NaOH\n\nB. NaCl\n\nC. H2SO4\n\nD. H2O',NULL,93),(245,'C. Clo',NULL,'',_binary '','Nguyên tố nào có tính phi kim mạnh nhất?\n\nA. Oxy\n\nB. Nitơ\n\nC. Clo\n\nD. I-ốt',NULL,93),(246,'C. C2H4',NULL,'',_binary '','Hợp chất nào sau đây là anken?\n\nA. CH4\n\nB. C2H6\n\nC. C2H4\n\nD. C3H8',NULL,93),(247,'A. Sắt bị gỉ',NULL,'',_binary '','Quá trình nào sau đây là sự oxi hóa?\n\nA. Sắt bị gỉ\n\nB. Cacbon cháy trong không khí\n\nC. Nước bay hơi\n\nD. Dầu mỡ bị ôi',NULL,93),(248,'C. Bazơ',NULL,'',_binary '','Trong phản ứng tạo muối, axit phản ứng với chất gì?\n\nA. Oxi\n\nB. Kim loại\n\nC. Bazơ\n\nD. Phi kim',NULL,93),(249,'B. CH3COOCH3',NULL,'',_binary '','Hợp chất nào dưới đây là este?\n\nA. CH3COOH\n\nB. CH3COOCH3\n\nC. CH3OH\n\nD. CH4',NULL,93),(250,'B. Khi một chất bị tác dụng bởi nhiệt hoặc điện phân',NULL,'',_binary '','Khi nào xảy ra phản ứng phân hủy?\n\nA. Khi hai chất phản ứng với nhau để tạo ra sản phẩm mới\n\nB. Khi một chất bị tác dụng bởi nhiệt hoặc điện phân\n\nC. Khi chất không thay đổi về cấu trúc\n\nD. Khi chất hòa tan trong dung môi',NULL,93),(251,'D. CH4',NULL,'',_binary '','Chất nào dưới đây có cấu trúc phân tử đơn giản nhất?\n\nA. C2H6\n\nB. H2O\n\nC. CO2\n\nD. CH4',NULL,93),(252,'C. CH4',NULL,'',_binary '','Hợp chất nào dưới đây là một hợp chất hữu cơ?\n\nA. NaCl\n\nB. CO2\n\nC. CH4\n\nD. NaOH',NULL,93),(253,'C. Clo',NULL,'',_binary '','Nguyên tố nào dưới đây có số oxi hóa là -1 trong hợp chất?\n\nA. Hydro\n\nB. Oxy\n\nC. Clo\n\nD. Nitơ',NULL,93),(254,'D. Làm đổi màu giấy quỳ tím thành màu đỏ',NULL,'',_binary '','Tính chất nào sau đây của axit?\n\nA. Dẫn điện tốt\n\nB. Vị ngọt\n\nC. Làm đổi màu giấy quỳ tím thành màu xanh\n\nD. Làm đổi màu giấy quỳ tím thành màu đỏ',NULL,93),(255,'B. CO2',NULL,'',_binary '','Chất nào sau đây là một hợp chất vô cơ?\n\nA. CH4\n\nB. CO2\n\nC. C6H12O6\n\nD. C2H5OH',NULL,93),(256,'B. Muối và khí',NULL,'',_binary '','Khi tác dụng với kim loại, axit tạo ra gì?\n\nA. Nước\n\nB. Muối và khí\n\nC. Oxi và muối\n\nD. Khí và axit',NULL,93),(257,'A. CH2=CH2 + H2 → CH3-CH3',NULL,'',_binary '','Phản ứng nào dưới đây là phản ứng cộng?\n\nA. CH2=CH2 + H2 → CH3-CH3\n\nB. H2 + O2 → H2O\n\nC. 2H2O → 2H2 + O2\n\nD. Na + H2O → NaOH + H2',NULL,93),(258,'B. CH3OH',NULL,'',_binary '','Hợp chất nào dưới đây là ancol?\n\nA. CH3COOH\n\nB. CH3OH\n\nC. C2H5OH\n\nD. C3H7OH',NULL,93),(259,'C. Oxi',NULL,'',_binary '','Để đốt cháy hoàn toàn một hợp chất, cần có chất gì?\n\nA. Kim loại\n\nB. Nước\n\nC. Oxi\n\nD. Khí CO2',NULL,93),(260,'B. Tế bào',NULL,'',_binary '','Cấu trúc nào sau đây là đơn vị cấu tạo của cơ thể sinh vật?\n\nA. Mô\n\nB. Tế bào\n\nC. Hệ cơ quan\n\nD. Cơ thể',NULL,94),(261,'A. Một đoạn của ADN, mang thông tin di truyền',NULL,'',_binary '','Gen là gì?\n\nA. Một đoạn của ADN, mang thông tin di truyền\n\nB. Một loại protein\n\nC. Một phần của tế bào\n\nD. Một cơ quan trong cơ thể',NULL,94),(262,'B. Phân bào nguyên phân',NULL,'',_binary '','Quá trình phân bào nào tạo ra tế bào con giống hệt tế bào mẹ về mặt di truyền?\n\nA. Phân bào giảm phân\n\nB. Phân bào nguyên phân\n\nC. Phân bào phân chia đồng đều\n\nD. Tạo tinh trùng',NULL,94),(263,'B. Ánh sáng',NULL,'',_binary '','Trong quá trình quang hợp, cây xanh hấp thụ năng lượng từ đâu?\n\nA. Oxy\n\nB. Ánh sáng\n\nC. Nước\n\nD. Đất',NULL,94),(264,'A. Oxy và glucose',NULL,'',_binary '','Chất nào dưới đây là sản phẩm của quá trình quang hợp?\n\nA. Oxy và glucose\n\nB. CO2 và nước\n\nC. Oxy và nước\n\nD. Glucose và nitơ',NULL,94),(265,'A. Phân đôi',NULL,'',_binary '','Quá trình sinh sản vô tính ở động vật gọi là gì?\n\nA. Phân đôi\n\nB. Thụ tinh\n\nC. Phân bào\n\nD. Sinh sản bằng chồi',NULL,94),(266,'B. 46',NULL,'',_binary '','Các tế bào trong cơ thể con người có bao nhiêu bộ nhiễm sắc thể?\n\nA. 23\n\nB. 46\n\nC. 92\n\nD. 24',NULL,94),(267,'B. Ở tế bào sinh dục',NULL,'',_binary '','Phân bào giảm phân xảy ra ở đâu trong cơ thể người?\n\nA. Ở tế bào não\n\nB. Ở tế bào sinh dục\n\nC. Ở tế bào máu\n\nD. Ở tế bào gan',NULL,94),(268,'C. Kết hợp vật chất di truyền từ cả bố và mẹ',NULL,'',_binary '','Mục đích của sự thụ tinh là gì?\n\nA. Tạo ra tế bào sinh dục\n\nB. Tạo ra tế bào mới\n\nC. Kết hợp vật chất di truyền từ cả bố và mẹ\n\nD. Phân chia tế bào',NULL,94),(269,'C. Rễ',NULL,'',_binary '','Phần nào của cây có chức năng hút nước và muối khoáng từ đất?\n\nA. Cành\n\nB. Lá\n\nC. Rễ\n\nD. Hoa',NULL,94),(270,'C. Tạo hình',NULL,'',_binary '','Quá trình nào dưới đây là sự phát triển của cơ thể từ trứng thành cá trưởng thành?\n\nA. Phát triển sinh lý\n\nB. Sinh sản\n\nC. Tạo hình\n\nD. Tiến hóa',NULL,94),(271,'B. Mạch máu',NULL,'',_binary '','Cấu trúc nào trong cơ thể người có nhiệm vụ vận chuyển oxy và chất dinh dưỡng?\n\nA. Tế bào máu\n\nB. Mạch máu\n\nC. Phổi\n\nD. Dạ dày',NULL,94),(272,'A. Tế bào thực vật có vách tế bào',NULL,'',_binary '','Đặc điểm nào dưới đây là sự khác biệt giữa tế bào thực vật và tế bào động vật?\n\nA. Tế bào thực vật có vách tế bào\n\nB. Tế bào động vật có nhân\n\nC. Tế bào thực vật không có ty thể\n\nD. Tế bào động vật có lục lạp',NULL,94),(273,'B. Động vật ăn thực vật có đường tiêu hóa dài hơn',NULL,'',_binary '','Sự khác biệt giữa hệ tiêu hóa của động vật ăn thực vật và động vật ăn thịt là gì?\n\nA. Động vật ăn thịt có dạ dày lớn hơn\n\nB. Động vật ăn thực vật có đường tiêu hóa dài hơn\n\nC. Động vật ăn thịt có dạ dày nhỏ hơn\n\nD. Động vật ăn thực vật không có men tiêu hóa',NULL,94),(274,'B. Thận',NULL,'',_binary '','Cơ quan nào trong cơ thể người có chức năng lọc máu?\n\nA. Tim\n\nB. Thận\n\nC. Phổi\n\nD. Gan',NULL,94),(275,'D. Tính trạng di truyền từ thế hệ này sang thế hệ khác',NULL,'',_binary '','Câu nào dưới đây nói về tính di truyền của các tính trạng?\n\nA. Tính trạng là đặc điểm hình thái hoặc chức năng của cơ thể\n\nB. Tính trạng không thay đổi qua các thế hệ\n\nC. Mỗi cá thể đều có một tính trạng giống nhau\n\nD. Tính trạng di truyền từ thế hệ này sang thế hệ khác',NULL,94),(276,'C. Gen XY',NULL,'',_binary '','Gen nào dưới đây xác định giới tính con người?\n\nA. Gen Y\n\nB. Gen X\n\nC. Gen XY\n\nD. Gen XX',NULL,94),(277,'A. Hô hấp',NULL,'',_binary '','Quá trình nào sau đây là quá trình trao đổi khí trong cơ thể người?\n\nA. Hô hấp\n\nB. Tiêu hóa\n\nC. Tuần hoàn\n\nD. Bài tiết',NULL,94),(278,'A. Chở oxy đi khắp cơ thể',NULL,'',_binary '','Chức năng của hồng cầu là gì?\n\nA. Chở oxy đi khắp cơ thể\n\nB. Lọc chất độc\n\nC. Giúp cơ thể vận động\n\nD. Tiêu hóa chất dinh dưỡng',NULL,94),(279,'A. Sự phân bố của động vật và thực vật trong môi trường',NULL,'',_binary '','Sự phân bố của quần thể trong sinh thái học là gì?\n\nA. Sự phân bố của động vật và thực vật trong môi trường\n\nB. Sự phân chia môi trường sống của các loài\n\nC. Sự thay đổi của môi trường\n\nD. Quá trình sinh sản của động vật',NULL,94),(280,'A. Cá voi có lớp mỡ dày để chống rét',NULL,'',_binary '','Vật nào sau đây là ví dụ về sự thích nghi của sinh vật với môi trường sống?\n\nA. Cá voi có lớp mỡ dày để chống rét\n\nB. Gấu có bộ lông mỏng để thích nghi với nóng\n\nC. Cây xương rồng có lá rộng để tăng cường quang hợp\n\nD. Cá có vây giúp bơi',NULL,94),(281,'C. Nghiên cứu về cách thức tính trạng được di truyền từ thế hệ này sang thế hệ khác',NULL,'',_binary '','Di truyền học là gì?\n\nA. Nghiên cứu về sự thay đổi của các sinh vật\n\nB. Nghiên cứu về cơ chế sinh sản\n\nC. Nghiên cứu về cách thức tính trạng được di truyền từ thế hệ này sang thế hệ khác\n\nD. Nghiên cứu về sự phát triển của các loài',NULL,94),(282,'A. Ánh sáng, nước và carbon dioxide',NULL,'',_binary '','Điều kiện cần thiết để quang hợp xảy ra là gì?\n\nA. Ánh sáng, nước và carbon dioxide\n\nB. Ánh sáng và nitơ\n\nC. Carbon dioxide và oxy\n\nD. Oxy và nước',NULL,94),(283,'B. Cừu',NULL,'',_binary '','Loài sinh vật nào dưới đây là động vật ăn cỏ?\n\nA. Sư tử\n\nB. Cừu\n\nC. Cá mập\n\nD. Hổ',NULL,94),(284,'A. Bảo vệ cơ thể khỏi các tác nhân gây bệnh',NULL,'',_binary '','Chức năng của hệ thống miễn dịch là gì?\n\nA. Bảo vệ cơ thể khỏi các tác nhân gây bệnh\n\nB. Tiêu hóa thức ăn\n\nC. Lọc chất độc trong máu\n\nD. Cung cấp năng lượng cho cơ thể',NULL,94),(285,'B. Quang hợp',NULL,'',_binary '','Cây có thể tạo ra thực phẩm cho chính nó qua quá trình nào?\n\nA. Hô hấp\n\nB. Quang hợp\n\nC. Dinh dưỡng\n\nD. Sinh sản',NULL,94),(286,'B. Lọc máu và thải độc',NULL,'',_binary '','Chức năng của gan là gì?\n\nA. Tiêu hóa thức ăn\n\nB. Lọc máu và thải độc\n\nC. Hấp thụ dưỡng chất\n\nD. Thực hiện quá trình trao đổi khí',NULL,94),(287,'C. Gây ra bệnh tật nếu không hợp lý',NULL,'',_binary '','Chế độ ăn uống ảnh hưởng đến sức khỏe con người như thế nào?\n\nA. Không có ảnh hưởng\n\nB. Tăng cường sức khỏe\n\nC. Gây ra bệnh tật nếu không hợp lý\n\nD. Chỉ ảnh hưởng đến hệ tiêu hóa',NULL,94),(288,'C. Bạch cầu',NULL,'',_binary '','Tế bào nào có nhiệm vụ bảo vệ cơ thể khỏi vi khuẩn?\n\nA. Hồng cầu\n\nB. Tiểu cầu\n\nC. Bạch cầu\n\nD. Tế bào thần kinh',NULL,94),(289,'C. O',NULL,'',_binary '','Tại sao con người cần phải hít thở oxi?\n\nA. Oxi cung cấp năng lượng cho cơ thể\n\nB. Oxi là nguồn cung cấp dưỡng chất\n\nC. Oxi giúp cơ thể giải phóng năng lượng từ các chất dinh dưỡng\n\nD. Oxi làm sạch cơ thể',NULL,94),(290,'A. Ampe',NULL,'',_binary '','Đơn vị đo cường độ dòng điện là gì?\n\nA. Ampe\n\nB. Volt\n\nC. Ohm\n\nD. Watt',NULL,95),(291,'C. Lực từ',NULL,'',_binary '','Lực nào tác động lên một vật khi nó di chuyển trong từ trường?\n\nA. Lực hấp dẫn\n\nB. Lực điện\n\nC. Lực từ\n\nD. Lực ma sát',NULL,95),(292,'B. Ánh sáng thay đổi hướng khi đi từ môi trường này sang môi trường khác',NULL,'',_binary '','Hiện tượng khúc xạ ánh sáng là gì?\n\nA. Ánh sáng bị phản xạ từ bề mặt của vật\n\nB. Ánh sáng thay đổi hướng khi đi từ môi trường này sang môi trường khác\n\nC. Ánh sáng bị tán xạ khi đi qua vật\n\nD. Ánh sáng bị hấp thụ bởi vật',NULL,95),(293,'B. Công = Lực × Quãng đường',NULL,'',_binary '','Công thức tính công là gì?\n\nA. Công = Độ lớn lực × Độ lớn vận tốc\n\nB. Công = Lực × Quãng đường\n\nC. Công = Nhiệt lượng × Thời gian\n\nD. Công = Nhiệt lượng × Công suất',NULL,95),(294,'C. Joule',NULL,'',_binary '','Đơn vị đo năng lượng là gì?\n\nA. Watt\n\nB. Ampere\n\nC. Joule\n\nD. Volt',NULL,95),(295,'B. Watt',NULL,'',_binary '','Đơn vị của công suất là gì?\n\nA. Joule\n\nB. Watt\n\nC. Ampere\n\nD. Volt',NULL,95),(296,'B. Nước hấp thụ ánh sáng một phần và chuyển hóa thành nhiệt',NULL,'',_binary '','Tại sao bể bơi không bị nóng lên khi ánh sáng chiếu vào?\n\nA. Nước phản xạ toàn bộ ánh sáng\n\nB. Nước hấp thụ ánh sáng một phần và chuyển hóa thành nhiệt\n\nC. Nước chỉ hấp thụ nhiệt mà không hấp thụ ánh sáng\n\nD. Ánh sáng không tác động vào nước',NULL,95),(297,'A. Năng lượng không thể được tạo ra hoặc phá hủy',NULL,'',_binary '','Phát biểu nào sau đây là đúng về định lý bảo toàn năng lượng?\n\nA. Năng lượng không thể được tạo ra hoặc phá hủy\n\nB. Năng lượng có thể tự tạo ra và tự hủy\n\nC. Năng lượng chỉ có thể tồn tại dưới dạng nhiệt\n\nD. Năng lượng không thể được chuyển đổi từ dạng này sang dạng khác',NULL,95),(298,'A. Lực cản trở chuyển động của các vật',NULL,'',_binary '','Lực ma sát là gì?\n\nA. Lực cản trở chuyển động của các vật\n\nB. Lực đẩy các vật ra xa nhau\n\nC. Lực làm các vật chuyển động nhanh hơn\n\nD. Lực giữ các vật đứng yên',NULL,95),(299,'D. Cả ba yếu tố trên',NULL,'',_binary '','Trong một mạch điện, cường độ dòng điện phụ thuộc vào yếu tố nào?\n\nA. Điện trở của mạch\n\nB. Nhiệt độ của mạch\n\nC. Mẫu vật liệu của mạch\n\nD. Cả ba yếu tố trên',NULL,95),(300,'A. Định lý về lực đàn hồi trong vật liệu',NULL,'',_binary '','Định lý Húc là gì?\n\nA. Định lý về lực đàn hồi trong vật liệu\n\nB. Định lý về phản xạ của sóng\n\nC. Định lý về sự truyền nhiệt trong chất\n\nD. Định lý về lực tác dụng của dòng điện',NULL,95),(301,'C. Khoảng cách từ vị trí cân bằng đến điểm xa nhất của vật',NULL,'',_binary '','Một vật dao động điều hòa có biên độ là gì?\n\nA. Vị trí mà vật đạt được trong quá trình dao động\n\nB. Vận tốc tối đa mà vật có thể đạt được\n\nC. Khoảng cách từ vị trí cân bằng đến điểm xa nhất của vật\n\nD. Tần số dao động của vật',NULL,95),(302,'B. Hình ảnh ảo và cùng chiều',NULL,'',_binary '','Trong hiện tượng quang học, hình ảnh của vật được tạo ra bởi gương phẳng là gì?\n\nA. Hình ảnh ảo và ngược chiều\n\nB. Hình ảnh ảo và cùng chiều\n\nC. Hình ảnh thật và ngược chiều\n\nD. Hình ảnh thật và cùng chiều',NULL,95),(303,'A. Những hiện tượng vật lý trong tự nhiên',NULL,'',_binary '','Vật lý học nghiên cứu những gì?\n\nA. Những hiện tượng vật lý trong tự nhiên\n\nB. Cấu tạo của vũ trụ\n\nC. Mọi hiện tượng tự nhiên, không chỉ vật lý\n\nD. Các sự kiện xảy ra trong tự nhiên',NULL,95),(304,'D. Định lý Newton',NULL,'',_binary '','Định lý nào sau đây là nguyên lý cơ bản của cơ học cổ điển?\n\nA. Định lý Bernoulli\n\nB. Định lý Pascal\n\nC. Định lý Archimedes\n\nD. Định lý Newton',NULL,95),(305,'B. Chỉ qua các vật liệu trong suốt',NULL,'',_binary '','Ánh sáng có thể di chuyển qua chất nào dưới đây?\n\nA. Chỉ qua không khí\n\nB. Chỉ qua các vật liệu trong suốt\n\nC. Qua mọi chất\n\nD. Không thể qua chất rắn',NULL,95),(306,'D. Sóng gamma',NULL,'',_binary '','Đoạn sóng nào dưới đây có tần số cao nhất?\n\nA. Sóng vô tuyến\n\nB. Sóng hồng ngoại\n\nC. Sóng âm\n\nD. Sóng gamma',NULL,95),(307,'B. F = m × a',NULL,'',_binary '','Công thức tính lực là gì?\n\nA. F = m × v\n\nB. F = m × a\n\nC. F = m × g\n\nD. F = v × a',NULL,95),(308,'C. Khi có sự thay đổi vận tốc của vật',NULL,'',_binary '','Khi nào một vật chịu lực tác dụng?\n\nA. Khi vật chuyển động đều\n\nB. Khi vật không chuyển động\n\nC. Khi có sự thay đổi vận tốc của vật\n\nD. Khi vật đứng yên',NULL,95),(309,'B. Có thể truyền qua môi trường không khí và chất lỏng',NULL,'',_binary '','Sóng âm có đặc điểm nào dưới đây?\n\nA. Không thể truyền qua chất rắn\n\nB. Có thể truyền qua môi trường không khí và chất lỏng\n\nC. Không thể truyền qua môi trường chất lỏng\n\nD. Không thể truyền qua môi trường chất rắn',NULL,95),(310,'B. Khúc xạ',NULL,'',_binary '','Khi ánh sáng đi từ không khí vào nước, hiện tượng nào xảy ra?\n\nA. Phản xạ\n\nB. Khúc xạ\n\nC. Tán xạ\n\nD. Hấp thụ',NULL,95),(311,'B. Volt',NULL,'',_binary '','Đơn vị đo điện áp là gì?\n\nA. Ampe\n\nB. Volt\n\nC. Ohm\n\nD. Watt',NULL,95),(312,'B. Dòng điện có chiều không đổi',NULL,'',_binary '','Đặc điểm của dòng điện một chiều là gì?\n\nA. Dòng điện luôn thay đổi chiều\n\nB. Dòng điện có chiều không đổi\n\nC. Dòng điện không có điện áp\n\nD. Dòng điện chỉ có thể chạy qua dây đồng',NULL,95),(313,'A. Mỗi lực có một phản lực ngược chiều và bằng nhau',NULL,'',_binary '','Câu nào dưới đây nói về định lý về lực tương tác?\n\nA. Mỗi lực có một phản lực ngược chiều và bằng nhau\n\nB. Lực tác động lên một vật sẽ thay đổi tốc độ của vật\n\nC. Lực có thể thay đổi nhiệt độ của vật\n\nD. Lực không thay đổi trong mọi môi trường',NULL,95),(314,'A. Rơi tự do',NULL,'',_binary '','Hiện tượng nào sau đây là sự chuyển động của một vật dưới tác dụng của trọng lực?\n\nA. Rơi tự do\n\nB. Dao động điều hòa\n\nC. Chuyển động tròn\n\nD. Chuyển động thẳng đều',NULL,95),(315,'B. Mạch nối tiếp',NULL,'',_binary '','Mạch điện nào dưới đây có các thiết bị nối tiếp nhau?\n\nA. Mạch song song\n\nB. Mạch nối tiếp\n\nC. Mạch kín\n\nD. Mạch hở',NULL,95),(316,'A. Là một dạng năng lượng di chuyển từ vật này sang vật khác',NULL,'',_binary '','Câu nào sau đây là đặc điểm của nhiệt?\n\nA. Là một dạng năng lượng di chuyển từ vật này sang vật khác\n\nB. Là dạng năng lượng không thể đo được\n\nC. Chỉ tác động vào vật cứng\n\nD. Là dạng năng lượng không thể chuyển đổi thành các dạng năng lượng khác',NULL,95),(317,'A. Lực cản trở chuyển động của vật',NULL,'',_binary '','Khi một vật di chuyển trên mặt phẳng nghiêng, lực ma sát tác dụng lên vật là gì?\n\nA. Lực cản trở chuyển động của vật\n\nB. Lực đẩy vật xuống dốc\n\nC. Lực làm vật chuyển động nhanh hơn\n\nD. Lực tạo ra nhiệt',NULL,95),(318,'A. v = s/t',NULL,'',_binary '','Công thức tính tốc độ trong chuyển động thẳng đều là gì?\n\nA. v = s/t\n\nB. v = t/s\n\nC. v = s + t\n\nD. v = t × s',NULL,95),(319,'B. Trống',NULL,'',_binary '','Nhạc cụ nào dưới đây là nhạc cụ gõ?\n\nA. Violin\n\nB. Trống\n\nC. Piano\n\nD. Sáo',NULL,96),(320,'B. Nốt trắng',NULL,'',_binary '','Nốt nhạc nào có độ dài bằng một nửa nốt đen?\n\nA. Nốt tròn\n\nB. Nốt trắng\n\nC. Nốt đen\n\nD. Nốt móc đơn',NULL,96),(321,'C. Nhịp 4/4',NULL,'',_binary '','Nhịp điệu nào là nhịp phổ biến nhất trong âm nhạc?\n\nA. Nhịp 2/4\n\nB. Nhịp 3/4\n\nC. Nhịp 4/4\n\nD. Nhịp 6/8',NULL,96),(322,'B. Sáo',NULL,'',_binary '','Âm thanh của nhạc cụ nào dưới đây được phát ra nhờ sự rung động của không khí?\n\nA. Trống\n\nB. Sáo\n\nC. Đàn piano\n\nD. Đàn guitar',NULL,96),(323,'C. Cao độ',NULL,'',_binary '','Chỉ số cao hay thấp của âm thanh được gọi là gì?\n\nA. Độ dài\n\nB. Độ mạnh\n\nC. Cao độ\n\nD. Cường độ',NULL,96),(324,'B. Ngón trỏ',NULL,'',_binary '','Để chơi nhạc cụ piano, ngón tay nào dùng để bấm phím trắng đầu tiên?\n\nA. Ngón cái\n\nB. Ngón trỏ\n\nC. Ngón giữa\n\nD. Ngón út',NULL,96),(325,'A. Decibel',NULL,'',_binary '','Đơn vị đo cường độ âm thanh là gì?\n\nA. Decibel\n\nB. Hertz\n\nC. Kilohertz\n\nD. Joule',NULL,96),(326,'C. Nốt móc đơn',NULL,'',_binary '','Nốt nhạc nào trong âm nhạc phương Tây có độ dài bằng 1/4 một nốt đen?\n\nA. Nốt trắng\n\nB. Nốt đen\n\nC. Nốt móc đơn\n\nD. Nốt móc kép',NULL,96),(327,'C. Khóa nhạc',NULL,'',_binary '','Nhạc lý nào dưới đây là một dấu hiệu giúp chỉ ra cách đọc nốt nhạc?\n\nA. Dấu chấm\n\nB. Dấu luyến\n\nC. Khóa nhạc\n\nD. Dấu lặng',NULL,96),(328,'C. Cao độ',NULL,'',_binary '','Phương pháp nào dùng để đánh giá độ cao của một nốt nhạc?\n\nA. Tốc độ nhịp\n\nB. Cường độ âm thanh\n\nC. Cao độ\n\nD. Nhịp điệu',NULL,96),(329,'B. Nhạc phải chơi to',NULL,'',_binary '','Trong âm nhạc, ký hiệu \"f\" có nghĩa là gì?\n\nA. Nhạc phải chơi nhỏ\n\nB. Nhạc phải chơi to\n\nC. Nhạc phải chơi nhanh\n\nD. Nhạc phải chơi chậm',NULL,96),(330,'A. Nốt đen',NULL,'',_binary '','Nốt nhạc nào có độ dài bằng một phần tư nốt tròn?\n\nA. Nốt đen\n\nB. Nốt trắng\n\nC. Nốt móc đơn\n\nD. Nốt ba mươi hai',NULL,96),(331,'C. Dòng nhạc',NULL,'',_binary '','Để đọc bản nhạc, chúng ta sử dụng gì để ghi lại các nốt nhạc?\n\nA. Bảng chữ cái\n\nB. Bảng hình học\n\nC. Dòng nhạc\n\nD. Ký tự số',NULL,96),(332,'A. Violin',NULL,'',_binary '','Âm thanh của nhạc cụ nào dưới đây được tạo ra từ sự rung động của dây?\n\nA. Violin\n\nB. Trống\n\nC. Sáo\n\nD. Piano',NULL,96),(333,'B. Làm nốt nhạc thấp hơn',NULL,'',_binary '','Trong âm nhạc, \"b\" là ký hiệu của gì?\n\nA. Làm nốt nhạc cao hơn\n\nB. Làm nốt nhạc thấp hơn\n\nC. Làm nốt nhạc dài hơn\n\nD. Làm nốt nhạc ngắn hơn',NULL,96),(334,'D. Nhạc dân tộc',NULL,'',_binary '','Âm nhạc nào sau đây được gọi là âm nhạc dân gian?\n\nA. Nhạc thính phòng\n\nB. Nhạc pop\n\nC. Nhạc rock\n\nD. Nhạc dân tộc',NULL,96),(335,'B. Bài hát \"Bắc Kim Thang\"',NULL,'',_binary '','Âm nhạc nào sau đây có nhịp điệu 3/4?\n\nA. Bài hát \"Happy Birthday\"\n\nB. Bài hát \"Bắc Kim Thang\"\n\nC. Bài hát \"Chúc Mừng Sinh Nhật\"\n\nD. Bài hát \"Hạnh Phúc Mới\"',NULL,96),(336,'C. Đàn violin',NULL,'',_binary '','Nhạc cụ nào dưới đây có dây và sử dụng vĩ để tạo ra âm thanh?\n\nA. Đàn guitar\n\nB. Đàn piano\n\nC. Đàn violin\n\nD. Trống',NULL,96),(337,'B. Theo cao độ',NULL,'',_binary '','Khi đọc bản nhạc, các nốt nhạc trên dòng nhạc được xếp theo thứ tự nào?\n\nA. Theo độ dài\n\nB. Theo cao độ\n\nC. Theo nhịp điệu\n\nD. Theo âm sắc',NULL,96),(338,'A. Nốt ba mươi hai',NULL,'',_binary '','Nốt nhạc nào có độ dài bằng một phần tám nốt đen?\n\nA. Nốt ba mươi hai\n\nB. Nốt móc đơn\n\nC. Nốt trắng\n\nD. Nốt đen',NULL,96),(339,'C. Sáo',NULL,'',_binary '','Nhạc cụ nào dưới đây có âm thanh phát ra nhờ sự rung động của không khí?\n\nA. Đàn trống\n\nB. Đàn organ\n\nC. Sáo\n\nD. Đàn guitar',NULL,96),(340,'D. Tốc độ bpm (beats per minute)',NULL,'',_binary '','Tốc độ của bản nhạc được đo bằng gì?\n\nA. Nhịp điệu\n\nB. Độ dài\n\nC. Cường độ\n\nD. Tốc độ bpm (beats per minute)',NULL,96),(341,'B. Ngón trỏ',NULL,'',_binary '','Để chơi đàn guitar, ngón tay nào dùng để bấm dây đàn đầu tiên?\n\nA. Ngón cái\n\nB. Ngón trỏ\n\nC. Ngón giữa\n\nD. Ngón út',NULL,96),(342,'C. Sáo',NULL,'',_binary '','Để tạo ra âm thanh cao trong nhạc cụ nào sau đây, người chơi cần phải thổi mạnh hơn?\n\nA. Đàn piano\n\nB. Đàn violin\n\nC. Sáo\n\nD. Trống',NULL,96),(343,'C. Hình thức',NULL,'',_binary '','Nhạc lý nào giúp xác định hình thức cấu trúc của một bản nhạc?\n\nA. Nhịp điệu\n\nB. Cao độ\n\nC. Hình thức\n\nD. Tốc độ',NULL,96),(344,'D. Sử dụng pedal để giữ âm thanh',NULL,'',_binary '','Khi chơi nhạc cụ piano, người chơi sử dụng chân để điều khiển gì?\n\nA. Độ mạnh nhẹ của âm thanh\n\nB. Cung cấp năng lượng cho các phím\n\nC. Chỉnh độ cao của âm thanh\n\nD. Sử dụng pedal để giữ âm thanh',NULL,96),(345,'B. Sự luyện tập thường xuyên',NULL,'',_binary '','Để phát triển kỹ năng âm nhạc, người học cần có một điều kiện gì?\n\nA. Chỉ cần yêu thích âm nhạc\n\nB. Sự luyện tập thường xuyên\n\nC. Sở hữu nhạc cụ đắt tiền\n\nD. Học lý thuyết âm nhạc lâu dài',NULL,96),(346,'D. Trống',NULL,'',_binary '','Nhạc cụ nào dưới đây không phải nhạc cụ dây?\n\nA. Đàn guitar\n\nB. Đàn harp\n\nC. Đàn violin\n\nD. Trống',NULL,96),(347,'B. Tăng tốc độ bpm',NULL,'',_binary '','Để tạo ra nhịp điệu nhanh, người ta sử dụng những gì trong bản nhạc?\n\nA. Tăng cường độ\n\nB. Tăng tốc độ bpm\n\nC. Dùng nốt nhạc dài\n\nD. Giảm tốc độ bpm',NULL,96),(348,'A. Ngừng nghỉ trong một khoảng thời gian',NULL,'',_binary '','Trong một bản nhạc, dấu lặng dùng để chỉ gì?\n\nA. Ngừng nghỉ trong một khoảng thời gian\n\nB. Lặp lại một đoạn nhạc\n\nC. Giảm âm lượng của nốt nhạc\n\nD. Chỉ ra nơi chơi to',NULL,96),(349,'A. Truyện Kiều',NULL,'',_binary '','Tác phẩm nào dưới đây của nhà văn Nguyễn Du được coi là kiệt tác của văn học dân tộc?\n\nA. Truyện Kiều\n\nB. Chí Phèo\n\nC. Lục Vân Tiên\n\nD. Đoạn trường tân thanh',NULL,97),(350,'C. Miêu tả sự đầy đủ, no ấm trong mùa gặt',NULL,'',_binary '','Ý nghĩa của câu thơ \"Lúa chiêm đang ngậm đòng, bà con đang gặt lúa\" trong bài thơ \"Đoàn thuyền đánh cá\" của Huy Cận là gì?\n\nA. Miêu tả khung cảnh mùa thu\n\nB. Tả sự vất vả của người lao động\n\nC. Miêu tả sự đầy đủ, no ấm trong mùa gặt\n\nD. Cảnh mùa đông đang đến gần',NULL,97),(351,'A. Tình yêu mãnh liệt, muốn tận hưởng ngay trong khoảnh khắc',NULL,'',_binary '','Tình yêu trong bài thơ \"Vội vàng\" của Xuân Diệu được thể hiện như thế nào?\n\nA. Tình yêu mãnh liệt, muốn tận hưởng ngay trong khoảnh khắc\n\nB. Tình yêu lãng mạn và trữ tình\n\nC. Tình yêu đầy lo âu và sợ hãi\n\nD. Tình yêu chân thành, bền vững',NULL,97),(352,'A. Quốc gia độc lập, có văn hiến lâu đời',NULL,'',_binary '','Theo tác giả Nguyễn Trãi, \"Nước Đại Việt ta\" trong bài \"Bình Ngô đại cáo\" được coi là một quốc gia như thế nào?\n\nA. Quốc gia độc lập, có văn hiến lâu đời\n\nB. Quốc gia chịu sự đô hộ của ngoại bang\n\nC. Quốc gia còn nhiều vấn đề xã hội\n\nD. Quốc gia trong thời kỳ suy vong',NULL,97),(353,'A. Tình yêu thủy chung và sự hy sinh của người phụ nữ',NULL,'',_binary '','Bài thơ \"Sóng\" của Xuân Quỳnh thể hiện tình cảm gì?\n\nA. Tình yêu thủy chung và sự hy sinh của người phụ nữ\n\nB. Tình yêu vội vã và không lâu dài\n\nC. Tình yêu đau khổ, bi thương\n\nD. Tình yêu nhẹ nhàng, thanh thản',NULL,97),(354,'B. Nhấn mạnh sự khát khao sống và thay đổi số phận',NULL,'',_binary '','Ý nghĩa của câu \"Người ta sống không phải để chờ đợi cái chết, mà là để sống\" trong tác phẩm \"Chí Phèo\" của Nam Cao là gì?\n\nA. Khẳng định sự tự do trong cuộc sống\n\nB. Nhấn mạnh sự khát khao sống và thay đổi số phận\n\nC. Sống là để chịu đựng và chờ đợi\n\nD. Con người không thể thay đổi được số phận',NULL,97),(355,'A. Tình cảm kính trọng, yêu quý',NULL,'',_binary '','Trong bài thơ \"Viếng lăng Bác\" của Viễn Phương, tác giả thể hiện tình cảm gì đối với Bác Hồ?\n\nA. Tình cảm kính trọng, yêu quý\n\nB. Tình cảm thương xót, đau buồn\n\nC. Tình cảm yêu thương, tiếc nuối\n\nD. Tình cảm không rõ ràng',NULL,97),(356,'C. Lòng yêu thiên nhiên và sự cống hiến cho cuộc sống',NULL,'',_binary '','Chủ đề của bài thơ \"Mùa xuân nho nhỏ\" của Thanh Hải là gì?\n\nA. Tình yêu đất nước\n\nB. Khát vọng vươn tới tự do\n\nC. Lòng yêu thiên nhiên và sự cống hiến cho cuộc sống\n\nD. Cảnh sắc mùa xuân',NULL,97),(357,'A. Chỉ một không gian đầy vẻ đẹp lãng mạn',NULL,'',_binary '','Từ \"thơ mộng\" trong đoạn văn sau có ý nghĩa gì? \"Mùa xuân ở đây thật thơ mộng, mọi thứ như vừa được vẽ lên.\"\n\nA. Chỉ một không gian đầy vẻ đẹp lãng mạn\n\nB. Đề cập đến sự đơn điệu và tẻ nhạt\n\nC. Chỉ vẻ đẹp khắc nghiệt của thiên nhiên\n\nD. Miêu tả một khung cảnh vui vẻ, sôi động',NULL,97),(358,'A. Nhấn mạnh sự kiên cường, bất khuất của nhân dân Việt Nam trong chiến tranh',NULL,'',_binary '','Ý nghĩa của câu \"Tiếng súng vẫn vang vọng trên những ngọn đồi\" trong bài thơ \"Đất Nước\" của Nguyễn Khoa Điềm là gì?\n\nA. Nhấn mạnh sự kiên cường, bất khuất của nhân dân Việt Nam trong chiến tranh\n\nB. Kể lại các trận đánh khốc liệt trong lịch sử\n\nC. Tả cảnh thiên nhiên trong thời kỳ chiến tranh\n\nD. Đề cập đến sự tàn phá của chiến tranh',NULL,97),(359,'C. Tình hình nền kinh tế quốc gia, bao gồm tăng trưởng, thất nghiệp và lạm phát',NULL,'',_binary '','Kinh tế vĩ mô nghiên cứu điều gì?\n\nA. Quá trình sản xuất và tiêu dùng của hộ gia đình\n\nB. Sự phân phối thu nhập trong xã hội\n\nC. Tình hình nền kinh tế quốc gia, bao gồm tăng trưởng, thất nghiệp và lạm phát\n\nD. Quy trình quản lý của các doanh nghiệp',NULL,98),(360,'B. Tổng giá trị hàng hóa và dịch vụ sản xuất ra trong một quốc gia trong một thời kỳ xác định',NULL,'',_binary '','GDP (Tổng sản phẩm quốc nội) là gì?\n\nA. Tổng thu nhập của tất cả các cá nhân trong một quốc gia\n\nB. Tổng giá trị hàng hóa và dịch vụ sản xuất ra trong một quốc gia trong một thời kỳ xác định\n\nC. Tổng lượng hàng hóa và dịch vụ xuất khẩu trong một quốc gia\n\nD. Tổng giá trị đầu tư trong nền kinh tế quốc dân',NULL,98),(361,'C. Tăng giá chung của hàng hóa và dịch vụ trong nền kinh tế',NULL,'',_binary '','Lạm phát là gì?\n\nA. Tăng trưởng kinh tế bền vững\n\nB. Sự gia tăng nhanh chóng của giá trị tiền tệ\n\nC. Tăng giá chung của hàng hóa và dịch vụ trong nền kinh tế\n\nD. Sự giảm sút của giá trị đồng tiền',NULL,98),(362,'C. Nguồn cung tiền và tín dụng trong nền kinh tế',NULL,'',_binary '','Một trong những yếu tố cơ bản tác động đến lạm phát là gì?\n\nA. Chính sách tài chính của chính phủ\n\nB. Chi tiêu của hộ gia đình\n\nC. Nguồn cung tiền và tín dụng trong nền kinh tế\n\nD. Mức độ đầu tư từ nước ngoài',NULL,98),(363,'D. Thất nghiệp ở mức thấp nhất có thể trong một nền kinh tế ổn định',NULL,'',_binary '','Mức thất nghiệp tự nhiên được xác định bởi:\n\nA. Thất nghiệp do khủng hoảng kinh tế\n\nB. Thất nghiệp do chuyển đổi giữa các ngành\n\nC. Thất nghiệp do tác động của mùa vụ\n\nD. Thất nghiệp ở mức thấp nhất có thể trong một nền kinh tế ổn định',NULL,98),(364,'C. Chênh lệch giữa tổng thu nhập và tổng chi tiêu của chính phủ',NULL,'',_binary '','Ngân sách nhà nước là gì?\n\nA. Tổng thu nhập của chính phủ từ thuế và các nguồn khác\n\nB. Tổng chi tiêu của chính phủ trong một năm\n\nC. Chênh lệch giữa tổng thu nhập và tổng chi tiêu của chính phủ\n\nD. Sự phân phối ngân sách của các bộ, ngành trong chính phủ',NULL,98),(365,'B. Tăng trưởng kinh tế trong thời kỳ suy thoái',NULL,'',_binary '','Chính sách tài khóa mở rộng có thể giúp:\n\nA. Giảm lạm phát trong nền kinh tế\n\nB. Tăng trưởng kinh tế trong thời kỳ suy thoái\n\nC. Giảm tỷ lệ thất nghiệp\n\nD. Tăng cường xuất khẩu',NULL,98),(366,'B. Sự suy giảm niềm tin vào tiền tệ và nền kinh tế',NULL,'',_binary '','Tỷ lệ lạm phát quá cao có thể dẫn đến hậu quả gì?\n\nA. Tăng trưởng kinh tế ổn định\n\nB. Sự suy giảm niềm tin vào tiền tệ và nền kinh tế\n\nC. Giảm chi tiêu của chính phủ\n\nD. Tăng trưởng sản xuất trong nền kinh tế',NULL,98),(367,'B. Của nền kinh tế quốc gia và toàn cầu',NULL,'',_binary '','Kinh tế học vĩ mô nghiên cứu các hiện tượng:\n\nA. Ở cấp độ của các cá nhân và doanh nghiệp\n\nB. Của nền kinh tế quốc gia và toàn cầu\n\nC. Chỉ liên quan đến chính phủ và các cơ quan nhà nước\n\nD. Chỉ tác động đến các thị trường tài chính',NULL,98),(368,'A. Cắt giảm thuế và tăng chi tiêu công',NULL,'',_binary '','Để giảm tỷ lệ thất nghiệp, chính phủ có thể thực hiện chính sách gì?\n\nA. Cắt giảm thuế và tăng chi tiêu công\n\nB. Tăng thuế và giảm chi tiêu công\n\nC. Đầu tư vào các dự án hạ tầng\n\nD. Tăng trưởng trong xuất khẩu',NULL,98),(369,'B. Thay đổi lãi suất và can thiệp vào thị trường tài chính',NULL,'',_binary '','Các công cụ chính của chính sách tiền tệ là gì?\n\nA. Điều chỉnh thuế và chi tiêu công\n\nB. Thay đổi lãi suất và can thiệp vào thị trường tài chính\n\nC. Kiểm soát nguồn cung hàng hóa\n\nD. Tăng trưởng xuất khẩu',NULL,98),(370,'A. Quan hệ giữa sản lượng và lãi suất trong nền kinh tế',NULL,'',_binary '','Mô hình IS-LM dùng để phân tích:\n\nA. Quan hệ giữa sản lượng và lãi suất trong nền kinh tế\n\nB. Quan hệ giữa cung tiền và lạm phát\n\nC. Mối quan hệ giữa đầu tư và tiết kiệm\n\nD. Mối quan hệ giữa tiêu dùng và thu nhập',NULL,98),(371,'B. Giảm lạm phát và tăng cường sức mua của đồng tiền',NULL,'',_binary '','Chính sách tiền tệ thắt chặt có tác dụng gì?\n\nA. Tăng trưởng kinh tế nhanh chóng\n\nB. Giảm lạm phát và tăng cường sức mua của đồng tiền\n\nC. Tăng tỷ lệ thất nghiệp\n\nD. Khuyến khích chi tiêu và đầu tư',NULL,98),(372,'D. Mức độ cạnh tranh giữa các doanh nghiệp',NULL,'',_binary '','Dưới đây là một trong những yếu tố gây ra tình trạng \"điều chỉnh kinh tế vĩ mô\" ngoại trừ:\n\nA. Biến động của nền kinh tế toàn cầu\n\nB. Chính sách tài chính và tiền tệ\n\nC. Sự thay đổi trong chi tiêu của hộ gia đình\n\nD. Mức độ cạnh tranh giữa các doanh nghiệp',NULL,98),(373,'A. Giá cả của năm hiện tại',NULL,'',_binary '','GDP danh nghĩa tính toán giá trị sản phẩm với:\n\nA. Giá cả của năm hiện tại\n\nB. Giá cả cố định trong một năm cơ sở\n\nC. Chỉ giá trị hàng hóa và dịch vụ cuối cùng\n\nD. Mức độ chi tiêu của chính phủ',NULL,98),(374,'B. Tăng',NULL,'',_binary '','Khi nền kinh tế tăng trưởng mạnh, lạm phát có thể:\n\nA. Giảm\n\nB. Tăng\n\nC. Không thay đổi\n\nD. Thực tế không có mối liên hệ',NULL,98),(375,'A. Điều hành chính sách tiền tệ và điều chỉnh lãi suất',NULL,'',_binary '','Hệ thống ngân hàng trung ương của mỗi quốc gia có nhiệm vụ gì?\n\nA. Điều hành chính sách tiền tệ và điều chỉnh lãi suất\n\nB. Xây dựng ngân sách quốc gia\n\nC. Thực hiện các chiến lược phát triển quốc gia\n\nD. Quản lý các công ty nhà nước',NULL,98),(376,'B. Thực hiện các gói kích thích kinh tế',NULL,'',_binary '','Để chống lại khủng hoảng kinh tế, chính phủ thường thực hiện chính sách gì?\n\nA. Giảm chi tiêu công\n\nB. Thực hiện các gói kích thích kinh tế\n\nC. Cắt giảm thuế cho các doanh nghiệp\n\nD. Kiềm chế đầu tư công',NULL,98),(377,'A. Điều chỉnh mức đầu tư và tiết kiệm',NULL,'',_binary '','Trong chính sách tiền tệ, mục tiêu của việc thay đổi lãi suất là:\n\nA. Điều chỉnh mức đầu tư và tiết kiệm\n\nB. Điều chỉnh tỷ giá hối đoái\n\nC. Kiểm soát số lượng hàng hóa trong nền kinh tế\n\nD. Ổn định thị trường tài chính',NULL,98),(378,'A. Tăng trưởng kinh tế ổn định',NULL,'',_binary '','Mức độ lạm phát \"vừa phải\" có thể giúp:\n\nA. Tăng trưởng kinh tế ổn định\n\nB. Giảm tỷ lệ thất nghiệp\n\nC. Thúc đẩy chi tiêu và đầu tư\n\nD. Làm cho đồng tiền trở nên yếu đi',NULL,98),(379,'B. Khi tổng chi của chính phủ lớn hơn tổng thu nhập',NULL,'',_binary '','Thâm hụt ngân sách là gì?\n\nA. Khi tổng thu của chính phủ lớn hơn tổng chi tiêu\n\nB. Khi tổng chi của chính phủ lớn hơn tổng thu nhập\n\nC. Khi chính phủ vay tiền từ các ngân hàng\n\nD. Khi chi tiêu của chính phủ không đủ để phát triển nền kinh tế',NULL,98),(380,'C. Khuyến khích chi tiêu và đầu tư',NULL,'',_binary '','Chính sách tiền tệ mở rộng giúp:\n\nA. Tăng cường sự cạnh tranh trong nền kinh tế\n\nB. Tạo ra tăng trưởng kinh tế nhanh chóng\n\nC. Khuyến khích chi tiêu và đầu tư\n\nD. Giảm tỷ lệ thất nghiệp và lạm phát',NULL,98),(381,'A. Mức lãi suất và dòng vốn quốc tế',NULL,'',_binary '','Các yếu tố ảnh hưởng đến tỷ giá hối đoái bao gồm:\n\nA. Mức lãi suất và dòng vốn quốc tế\n\nB. Nhu cầu và cung tiền trong nền kinh tế\n\nC. Chi phí sản xuất trong nước\n\nD. Thị trường chứng khoán và cổ phiếu',NULL,98),(382,'\n',NULL,'',_binary '','Khi chính phủ tăng cường chi tiêu công, điều này sẽ tác động như thế nào đến nền kinh tế?\n\nA. Tăng trưởng kinh tế và giảm tỷ lệ thất nghiệp\n\nB. Làm giảm giá trị tiền',NULL,98),(383,'I make a to-do list and organize tasks based on urgency and importance.',NULL,'',_binary '','How do you typically prioritize tasks in your daily work?',NULL,99),(384,'I managed a project with tight deadlines by breaking it down into smaller tasks and staying in constant communication with the team.',NULL,'',_binary '','Can you describe a challenging project you’ve worked on and how you managed it?',NULL,99),(385,'I listen carefully to each perspective, then suggest a compromise or a solution that takes all viewpoints into account.',NULL,'',_binary '','How do you handle conflicting opinions in a team meeting?',NULL,99),(386,'I remain calm, listen to their concerns, and work on finding a solution that meets their needs while maintaining professionalism.',NULL,'',_binary '','What’s your approach when dealing with a difficult client?',NULL,99),(387,'I was assigned a report with a tight deadline, and I managed it by prioritizing my tasks and working efficiently without sacrificing quality.',NULL,'',_binary '','Can you explain a situation where you had to meet a tight deadline?',NULL,99),(388,'I stay focused, break the work into manageable steps, and take short breaks to clear my mind when necessary.',NULL,'',_binary '','How do you handle stress or pressure in the workplace?',NULL,99),(389,'I focus on the bigger picture and remind myself of the importance of the task in achieving the team’s overall goals.',NULL,'',_binary '','How do you stay motivated when working on repetitive tasks?',NULL,99),(390,'Communication, problem-solving, empathy, and the ability to motivate and inspire the team.',NULL,'',_binary '','What skills do you think are most important for leadership in a workplace?',NULL,99),(391,'I analyze the issue, gather input from others if needed, consider different solutions, and choose the most effective one.',NULL,'',_binary '','How do you approach problem-solving in a work environment?',NULL,99),(392,'I prioritize based on deadlines, delegate tasks when necessary, and stay organized with clear milestones for each project.',NULL,'',_binary '','How do you manage multiple projects at once?',NULL,99),(393,'I collaborated on a product launch, where we all brought different expertise, and I ensured we communicated effectively to meet the deadline.',NULL,'',_binary '','Can you tell me about a time when you had to work with a team to achieve a common goal?',NULL,99),(394,'I view feedback as an opportunity to grow, listen carefully, and implement any constructive suggestions for improvement.',NULL,'',_binary '','How do you handle feedback from your manager or colleagues?',NULL,99),(395,'I set clear, achievable goals, regularly check my progress, and adjust my approach if necessary to stay on track.',NULL,'',_binary '','What steps do you take to ensure you’re meeting your work goals?',NULL,99),(396,'I encourage open dialogue, ensure everyone has a chance to speak, and summarize key points to avoid misunderstandings.',NULL,'',_binary '','How do you ensure effective communication in a team?',NULL,99),(397,'Different work styles can be challenging, but I try to be flexible and adapt to different team members to ensure smooth collaboration.',NULL,'',_binary '','What’s the most challenging aspect of working in a team, and how do you deal with it?',NULL,99),(398,'I reflect on what went wrong, learn from it, and adjust my approach in the future to improve outcomes.',NULL,'',_binary '','How do you deal with failure or setbacks in your work?',NULL,99),(399,'I keep the company’s goals in mind, regularly check for alignment, and ensure that my tasks contribute to the bigger picture.',NULL,'',_binary '','How do you ensure that your work aligns with the company’s objectives?',NULL,99),(400,'I remained calm, listened carefully, and tried to find a mutually beneficial solution that respected both parties’ interests.',NULL,'',_binary '','Can you explain a time when you had to handle a difficult negotiation?',NULL,99),(401,'I attend workshops, seek feedback from colleagues, and make time for reading relevant books or articles to improve my skills.',NULL,'',_binary '','How do you approach professional development and continuous learning in your career?',NULL,99),(402,'I take the time to understand their needs, communicate openly, and offer assistance where needed to establish trust.',NULL,'',_binary '','How do you build relationships with new colleagues or clients?',NULL,99),(403,'I minimize distractions by turning off notifications and setting clear blocks of time for focused work.',NULL,'',_binary '','How do you deal with distractions while working on important tasks?',NULL,99),(404,'I use project management tools and prioritize tasks based on deadlines and importance to stay on track.',NULL,'',_binary '','How do you stay organized when managing several tasks or projects at once?',NULL,99),(405,'I listen to both sides, understand the root cause, and help mediate a solution that ensures everyone feels heard and respected.',NULL,'',_binary '','How do you approach resolving conflicts between team members?',NULL,99),(406,'I break down tasks into smaller, more manageable steps, and remind myself of the bigger goal I’m working towards.',NULL,'',_binary '','How do you motivate yourself to work during times when you feel unmotivated?',NULL,99),(407,'I read industry news, attend webinars, and engage with online communities to stay informed and ahead of developments.',NULL,'',_binary '','How do you stay up-to-date with trends or changes in your industry?',NULL,99),(408,'I communicate with each department to understand their needs and negotiate realistic timelines to balance the priorities.',NULL,'',_binary '','How do you deal with competing priorities from different departments?',NULL,99),(409,'I gather the most relevant information available, assess the risks, and make the best decision based on available data.',NULL,'',_binary '','How do you handle situations where you have to make quick decisions with limited information?',NULL,99),(410,'I double-check my work, ask for feedback, and take time to ensure I’ve met all requirements before submitting it.',NULL,'',_binary '','How do you ensure your work is of high quality and meets expectations?',NULL,99),(411,'I seek clarification from the relevant parties to ensure I understand expectations before proceeding with the task.',NULL,'',_binary '','How do you handle ambiguity or unclear instructions in your work?',NULL,99),(412,'I quickly learned the new system by attending training sessions, asking questions, and practicing hands-on to build confidence.',NULL,'',_binary '','Can you describe a time when you had to adapt to a new work environment or system?',NULL,99),(413,'I communicate clearly about what is feasible, provide alternatives, and set realistic expectations based on available resources and time.',NULL,'',_binary '','How do you deal with clients or colleagues who have unrealistic expectations?',NULL,99),(414,'I set boundaries for work hours, ensure I take breaks, and manage my time effectively to maintain a healthy work-life balance.',NULL,'',_binary '','How do you balance work-life responsibilities in a demanding job?',NULL,99),(415,'A. 是的，我今天很忙。',NULL,'',_binary '','你今天工作忙吗？\n\nA. 是的，我今天很忙。\n\nB. 不，我今天不忙。\n\nC. 我不知道。\n\nD. 是的，我明天很忙。',NULL,100),(416,'A. 当然，怎么了？',NULL,'',_binary '','你能帮我一个忙吗？\n\nA. 当然，怎么了？\n\nB. 对不起，我不能帮你。\n\nC. 我很忙，不能帮你。\n\nD. 我不知道怎么帮你。',NULL,100),(417,'C. 我在午休时有空。',NULL,'',_binary '','你什么时候有空？\n\nA. 我现在很忙，稍后再说。\n\nB. 我没有空。\n\nC. 我在午休时有空。\n\nD. 我一直都有空。',NULL,100),(418,'A. 你可以帮我检查这个报告。',NULL,'',_binary '','你需要我做什么？\n\nA. 你可以帮我检查这个报告。\n\nB. 我不需要你做任何事。\n\nC. 请帮我发个邮件。\n\nD. 你不需要做任何事情。',NULL,100),(419,'A. 下午三点。',NULL,'',_binary '','我们什么时候开会？\n\nA. 下午三点。\n\nB. 明天早上。\n\nC. 已经开完了。\n\nD. 我不知道。',NULL,100),(420,'A. 我是经理。',NULL,'',_binary '','请问您的职位是什么？\n\nA. 我是经理。\n\nB. 我是部门主管。\n\nC. 我是员工。\n\nD. 我是总经理助理。',NULL,100),(421,'A. 可以，我明天有空。',NULL,'',_binary '','你明天能参加会议吗？\n\nA. 可以，我明天有空。\n\nB. 不行，我明天有事。\n\nC. 我不确定，稍后告诉你。\n\nD. 我明天很忙。',NULL,100),(422,'A. 我们的目标是增加销售额。',NULL,'',_binary '','我们的目标是什么？\n\nA. 我们的目标是增加销售额。\n\nB. 我们的目标是减少成本。\n\nC. 我们的目标是提高员工满意度。\n\nD. 我们的目标是完成项目。',NULL,100),(423,'A. 是的，我之前做过。',NULL,'',_binary '','你做过这个项目吗？\n\nA. 是的，我之前做过。\n\nB. 不，我没有做过。\n\nC. 我做过，但我不记得了。\n\nD. 我还没有开始做。',NULL,100),(424,'A. 我认为我们需要更仔细地讨论。',NULL,'',_binary '','你怎么看待这个问题？\n\nA. 我认为我们需要更仔细地讨论。\n\nB. 我认为它不重要。\n\nC. 我没有意见。\n\nD. 我觉得问题很复杂。',NULL,100),(425,'A. 这个任务需要一周。',NULL,'',_binary '','这个任务需要多久完成？\n\nA. 这个任务需要一周。\n\nB. 这个任务明天就可以完成。\n\nC. 这个任务需要三天。\n\nD. 这个任务需要两个月。',NULL,100),(426,'C. 我们可以优化工作流程。',NULL,'',_binary '','我们怎么才能提高工作效率？\n\nA. 我们可以使用更先进的工具。\n\nB. 我们需要更多的培训。\n\nC. 我们可以优化工作流程。\n\nD. 我们可以减少休息时间。',NULL,100),(427,'A. 是的，我了解他们的需求。',NULL,'',_binary '','你了解我们的客户吗？\n\nA. 是的，我了解他们的需求。\n\nB. 我不了解。\n\nC. 我了解一些，但不多。\n\nD. 我正在学习。',NULL,100),(428,'A. 我们的部门经理和项目经理都会参加。',NULL,'',_binary '','今天的会议有谁参加？\n\nA. 我们的部门经理和项目经理都会参加。\n\nB. 只有销售部门会参加。\n\nC. 其他部门的领导都不参加。\n\nD. 没有人参加。',NULL,100),(429,'C. 我认为我们应该先进行市场调查。',NULL,'',_binary '','你对新项目有什么建议？\n\nA. 我认为我们需要更多的资源支持。\n\nB. 我觉得这个项目风险很大。\n\nC. 我认为我们应该先进行市场调查。\n\nD. 我没有任何建议。',NULL,100),(430,'A. 是的，团队合作很重要。',NULL,'',_binary '','你觉得团队合作重要吗？\n\nA. 是的，团队合作很重要。\n\nB. 不，我更喜欢独立工作。\n\nC. 我不确定。\n\nD. 团队合作不重要。',NULL,100),(431,'B. 这个报告很复杂，可能需要三天。',NULL,'',_binary '','这个报告需要多久完成？\n\nA. 大约需要两天。\n\nB. 这个报告很复杂，可能需要三天。\n\nC. 我今天就能完成。\n\nD. 这个报告很简单，马上就能完成。',NULL,100),(432,'A. 当然，我会立刻发送。',NULL,'',_binary '','你可以把这个文件发给我吗？\n\nA. 当然，我会立刻发送。\n\nB. 对不起，我忘记了。\n\nC. 文件丢失了，我找找看。\n\nD. 我无法发送。',NULL,100),(433,'A. 销售业绩比预期好。',NULL,'',_binary '','我们的销售业绩怎么样？\n\nA. 销售业绩比预期好。\n\nB. 销售业绩不太理想。\n\nC. 销售业绩很差。\n\nD. 销售业绩稳定。',NULL,100),(434,'A. 是的，我有一些新的进展。',NULL,'',_binary '','你有关于项目的更新吗？\n\nA. 是的，我有一些新的进展。\n\nB. 不，我没有任何更新。\n\nC. 我正在等待更多信息。\n\nD. 我没有任何进展。',NULL,100),(435,'A. 请帮我准备报告。',NULL,'',_binary '','我可以帮你做些什么？\n\nA. 请帮我准备报告。\n\nB. 请帮我安排会议。\n\nC. 请帮我检查文件。\n\nD. 请帮我做其他事情。',NULL,100),(436,'A. 我使用日历和任务清单来管理时间。',NULL,'',_binary '','你通常怎么管理你的时间？\n\nA. 我使用日历和任务清单来管理时间。\n\nB. 我每天做一件事，其他的事不管。\n\nC. 我没有特别的时间管理方式。\n\nD. 我依靠直觉来管理时间。',NULL,100),(437,'A. 当然，明天见。\n\nHy vọng những câu hỏi trên sẽ hữu ích cho việc học tiếng Trung trong môi trường công sở.',NULL,'',_binary '','明天我能跟你讨论一下这个问题吗？\n\nA. 当然，明天见。\n\nB. 对不起，我明天没空。\n\nC. 我不确定。\n\nD. 明天不行，我改天可以。',NULL,100),(438,'오늘 기분이 좋아요.',NULL,'',_binary '','오늘 기분 어때요?',NULL,101),(439,'주말에는 친구랑 영화를 볼 거예요.',NULL,'',_binary '','주말에 뭐 할 거예요?',NULL,101),(440,'네, 최근에 자기 개발서 하나 읽었어요.',NULL,'',_binary '','최근에 읽은 책이 있어요?',NULL,101),(441,'저는 매일 30분씩 한국어를 공부하고 있어요.',NULL,'',_binary '','한국어 공부는 어떻게 하고 있어요?',NULL,101),(442,'저는 서울에 있는 회사에서 마케팅 일을 해요.',NULL,'',_binary '','주로 어디에서 일해요?',NULL,101),(443,'오늘은 집에서 간단하게 라면을 먹을 거예요.',NULL,'',_binary '','오늘 저녁에 뭐 먹을 거예요?',NULL,101),(444,'내년 여름에 한국에 가고 싶어요.',NULL,'',_binary '','한국 여행은 언제 가고 싶어요?',NULL,101),(445,'네, 서울과 제주도를 꼭 가보고 싶어요.',NULL,'',_binary '','한국에서 가고 싶은 곳이 있어요?',NULL,101),(446,'일요일에는 가족과 시간을 보내거나, 집에서 쉬어요.',NULL,'',_binary '','일요일에는 보통 무엇을 해요?',NULL,101),(447,'고객 만족이 제일 중요해요.',NULL,'',_binary '','회사에서 제일 중요한 일은 무엇인가요?',NULL,101),(448,'오늘은 맑고 기온이 따뜻해요.',NULL,'',_binary '','오늘 날씨는 어때요?',NULL,101),(449,'네, 저는 매일 아침에 조깅을 해요.',NULL,'',_binary '','운동을 자주 하나요?',NULL,101),(450,'네, 처음에는 조금 어려웠지만 점점 익숙해졌어요.',NULL,'',_binary '','새로운 직장에 적응하는 게 어려운가요?',NULL,101),(451,'저는 비빔밥과 김치를 좋아해요.',NULL,'',_binary '','한국 음식 중에 어떤 걸 좋아해요?',NULL,101),(452,'문법이 어려운 것 같아요.',NULL,'',_binary '','한국어 공부하면서 어려운 점은 무엇인가요?',NULL,101),(453,'저는 카카오톡을 자주 사용해요.',NULL,'',_binary '','친구와 어떻게 연락을 자주 해요?',NULL,101),(454,'오늘은 오전에 일하고, 오후에는 친구와 만나서 커피를 마셨어요.',NULL,'',_binary '','오늘 뭐 했어요?',NULL,101),(455,'저는 액션 영화와 코미디 영화를 좋아해요.',NULL,'',_binary '','어떤 영화 장르를 좋아해요?',NULL,101),(456,'네, 저는 주말마다 요리를 해요.',NULL,'',_binary '','집에서 요리를 자주 해요?',NULL,101),(457,'네, 근처에 있는 카페에서 자주 커피를 마셔요.',NULL,'',_binary '','자주 가는 카페가 있어요?',NULL,101),(458,'저는 운동이나 음악을 듣는 걸 좋아해요.',NULL,'',_binary '','일이 많을 때 어떻게 스트레스를 풀어요?',NULL,101),(459,'다음 휴가는 바다로 가고 싶어요.',NULL,'',_binary '','다음 휴가는 어디로 갈 계획이에요?',NULL,101),(460,'저는 독서와 여행을 좋아해요.',NULL,'',_binary '','어떤 취미가 있어요?',NULL,101),(461,'저는 팝과 클래식을 좋아해요.',NULL,'',_binary '','어떤 종류의 음악을 좋아해요?',NULL,101),(462,'고객이 만족하고 감사의 말을 들을 때가 제일 보람 있어요.',NULL,'',_binary '','직장에서 제일 보람 있는 일은 무엇인가요?',NULL,101),(463,'서울에서 친구들과 여행한 게 기억에 남아요.',NULL,'',_binary '','한국에서 제일 기억에 남는 일이 무엇인가요?',NULL,101),(464,'요즘은 사진 찍는 것에 관심이 많아요.',NULL,'',_binary '','요즘 관심 있는 것이 무엇인가요?',NULL,101),(465,'네, 저는 일본어를 배우고 싶어요.',NULL,'',_binary '','앞으로 배우고 싶은 것이 있나요?',NULL,101),(466,'저는 보통 꽃이나 책을 선물해요.',NULL,'',_binary '','특별한 날에 선물은 주로 무엇을 해요?',NULL,101),(467,'저는 지하철을 자주 이용해요.',NULL,'',_binary '','주로 어떤 교통수단을 이용해요?',NULL,101),(468,'저는 요리와 영화를 보는 것을 좋아해요.',NULL,'',_binary '','취미로 무엇을 하나요?',NULL,101),(469,'네, 최근에 제주도에 다녀왔어요.',NULL,'',_binary '','최근에 여행을 갔어요?',NULL,101),(470,'저는 팀워크와 소통이 가장 중요하다고 생각해요.',NULL,'',_binary '','직장에서 가장 중요하게 생각하는 것은 무엇인가요?',NULL,101),(471,'네, 저는 근처의 한식집에 자주 가요.',NULL,'',_binary '','자주 가는 음식점이 있어요?',NULL,101),(472,'저는 할 일을 목록으로 작성하고, 긴급성과 중요도에 따라 우선순위를 정합니다.',NULL,'',_binary '','어떻게 일을 우선순위에 맞춰 처리하나요?',NULL,102),(473,'저는 마감일이 촉박한 프로젝트를 맡았고, 작업을 작은 단위로 나누어 팀과의 지속적인 소통을 통해 관리했습니다.',NULL,'',_binary '','가장 도전적인 프로젝트에 대해 설명해 주세요. 그리고 그것을 어떻게 관리했나요?',NULL,102),(474,'저는 모든 관점을 듣고, 각자의 의견을 반영한 중재안을 제시합니다.',NULL,'',_binary '','회의에서 의견 충돌이 있을 때 어떻게 해결하나요?',NULL,102),(475,'저는 침착하게 고객의 의견을 경청하고, 그들의 요구를 충족할 수 있는 해결책을 찾습니다.',NULL,'',_binary '','어려운 고객을 어떻게 대처하나요?',NULL,102),(476,'저는 긴급한 보고서를 작성해야 했고, 주요 업무를 우선순위에 따라 처리하며 효율적으로 작업을 완료했습니다.',NULL,'',_binary '','긴급한 마감일을 맞춰야 했던 상황을 설명해 주세요.',NULL,102),(477,'저는 집중력을 유지하고, 일을 작은 단계로 나누며 필요할 때 짧은 휴식을 취합니다.',NULL,'',_binary '','직장에서 스트레스나 압박감을 어떻게 처리하나요?',NULL,102),(478,'저는 작업의 중요성을 상기시키며, 결과가 팀 목표에 어떻게 기여하는지 기억합니다.',NULL,'',_binary '','반복적인 작업을 할 때 어떻게 동기를 유지하나요?',NULL,102),(479,'저는 소통 능력, 문제 해결 능력, 공감 능력, 그리고 팀을 격려하는 능력이 가장 중요하다고 생각합니다.',NULL,'',_binary '','직장에서 리더십을 발휘할 때 가장 중요한 스킬은 무엇이라고 생각하나요?',NULL,102),(480,'저는 문제를 분석하고, 필요한 경우 다른 사람들과 의견을 교환하며, 여러 해결책을 고려한 후 가장 적합한 방법을 선택합니다.',NULL,'',_binary '','직장에서 문제를 해결할 때 어떻게 접근하나요?',NULL,102),(481,'저는 각 프로젝트의 우선순위를 정하고, 필요한 경우 작업을 위임하며, 명확한 마일스톤을 설정해 효율적으로 관리합니다.',NULL,'',_binary '','여러 프로젝트를 동시에 관리할 때 어떻게 하시나요?',NULL,102),(482,'저는 제품 출시 프로젝트에서 여러 팀원들과 협력하여, 각자의 전문성을 발휘하고, 효과적으로 소통하며 목표를 달성했습니다.',NULL,'',_binary '','팀과 함께 공동 목표를 달성했던 경험을 설명해 주세요.',NULL,102),(483,'저는 피드백을 성장의 기회로 보고, 주의 깊게 듣고, 제시된 개선점을 실천하려 노력합니다.',NULL,'',_binary '','상사나 동료로부터 받은 피드백은 어떻게 처리하나요?',NULL,102),(484,'저는 목표를 명확하게 설정하고, 정기적으로 진행 상황을 점검하며 필요시 방법을 조정하여 목표를 달성합니다.',NULL,'',_binary '','업무 목표를 달성하기 위해 어떤 단계를 거치나요?',NULL,102),(485,'저는 열린 대화를 장려하고, 모든 사람이 발언할 수 있도록 하며, 핵심 내용을 요약해 오해를 방지합니다.',NULL,'',_binary '','팀에서 효과적인 소통을 위해 어떤 노력을 하나요?',NULL,102),(486,'저는 유연하게 대응하려 노력하며, 서로의 차이를 이해하고 협력하는 방법을 찾습니다.',NULL,'',_binary '','팀원들 간의 작업 스타일 차이를 어떻게 처리하나요?',NULL,102),(487,'저는 실패에서 교훈을 얻고, 향후 더 나은 결과를 위해 방법을 개선합니다.',NULL,'',_binary '','실패나 좌절을 경험했을 때 어떻게 대처하나요?',NULL,102),(488,'저는 회사의 목표를 항상 염두에 두고, 제 업무가 목표에 부합하는지 정기적으로 점검합니다.',NULL,'',_binary '','내 업무가 회사의 목표와 일치하도록 어떻게 확인하나요?',NULL,102),(489,'저는 침착하게 양측의 의견을 경청하고, 상호 이익을 고려한 해결책을 제시하여 협상을 마무리했습니다.',NULL,'',_binary '','어려운 협상을 다뤘던 경험을 설명해 주세요.',NULL,102),(490,'저는 세미나에 참석하고, 동료들의 피드백을 구하며, 관련 책이나 기사를 읽는 등 계속해서 배웁니다.',NULL,'',_binary '','직장에서의 전문성 개발과 지속적인 학습을 어떻게 진행하나요?',NULL,102),(491,'저는 상대방의 필요를 이해하고, 열린 소통을 통해 신뢰를 쌓아갑니다.',NULL,'',_binary '','새로운 동료나 고객과의 관계를 어떻게 구축하나요?',NULL,102),(492,'저는 알림을 끄고, 집중할 수 있는 시간을 정해 두어 일을 합니다.',NULL,'',_binary '','중요한 작업을 할 때 주의 산만을 어떻게 처리하나요?',NULL,102),(493,'저는 프로젝트 관리 도구를 사용하고, 각 작업의 마감일과 중요도를 기준으로 우선순위를 매깁니다.',NULL,'',_binary '','여러 작업이나 프로젝트를 동시에 관리할 때 어떻게 정리하나요?',NULL,102),(494,'저는 양측의 의견을 경청하고, 문제의 본질을 이해한 후 중재안을 제시하여 갈등을 해결합니다.',NULL,'',_binary '','팀원들 간의 갈등을 어떻게 해결하나요?',NULL,102),(495,'저는 작업을 작은 단계로 나누어 진행하고, 목표를 달성하는 데에 집중합니다.',NULL,'',_binary '','동기 부여가 안 될 때 어떻게 일에 집중하나요?',NULL,102),(496,'저는 업계 뉴스를 읽고, 웨비나에 참석하며, 온라인 커뮤니티에 참여하여 정보를 업데이트합니다.',NULL,'',_binary '','직업 관련 최신 동향이나 변화를 어떻게 파악하나요?',NULL,102),(497,'저는 각 부서와 소통하여 필요사항을 파악하고, 현실적인 일정을 협의하여 균형을 맞춥니다.',NULL,'',_binary '','다양한 부서에서 요구하는 우선순위가 충돌할 때 어떻게 대처하나요?',NULL,102),(498,'저는 가능한 정보를 빠르게 모은 후, 위험을 평가하고 가장 적절한 결정을 내립니다.',NULL,'',_binary '','제한된 정보로 빠르게 결정을 내려야 할 때 어떻게 하나요?',NULL,102),(499,'저는 작업을 두 번 점검하고, 피드백을 구하며, 요구 사항을 충족했는지 확인합니다.',NULL,'',_binary '','내 작업이 높은 품질을 유지하고 기대에 부합하는지 어떻게 확인하나요?',NULL,102),(500,'저는 관련자에게 명확한 설명을 요청하고, 작업을 시작하기 전에 이해한 바를 확인합니다.',NULL,'',_binary '','불확실하거나 명확하지 않은 지침을 받을 때 어떻게 처리하나요?',NULL,102),(501,'저는 새 시스템을 빠르게 배운 후, 교육을 받고 질문을 하며 실습을 통해 확신을 얻었습니다.',NULL,'',_binary '','새로운 업무 환경이나 시스템에 적응한 경험을 설명해 주세요.',NULL,102),(502,'저는 무엇이 가능한지 명확히 전달하고, 현실적인 대안을 제시하여 기대를 조정합니다.',NULL,'',_binary '','비현실적인 기대를 가진 고객이나 동료를 어떻게 대처하나요?',NULL,102),(503,'저는 근무 시간을 정해두고, 휴식을 취하며 시간을 효율적으로 관리해 일과 개인 생활을 조화롭게 유지합니다.',NULL,'',_binary '','일과 삶의 균형을 어떻게 유지하나요?',NULL,102),(504,'Mặt trời ở trên bầu trời.',NULL,'',_binary '','Mặt trời ở đâu?',NULL,103),(505,'Cây cần nước, ánh sáng mặt trời và đất.',NULL,'',_binary '','Cây cần gì để sống?',NULL,103),(506,'Nước có 3 trạng thái: rắn, lỏng và khí.',NULL,'',_binary '','Nước có mấy trạng thái?',NULL,103),(507,'Ánh sáng giúp chúng ta nhìn thấy đồ vật.',NULL,'',_binary '','Cái gì giúp chúng ta nhìn thấy đồ vật?',NULL,103),(508,'Động vật sống ở trong rừng, dưới nước, trên cạn hoặc trong nhà.',NULL,'',_binary '','Động vật sống ở đâu?',NULL,103),(509,'Chúng ta cần giữ gìn sạch sẽ, không xả rác bừa bãi.',NULL,'',_binary '','Chúng ta cần làm gì để bảo vệ môi trường?',NULL,103),(510,'Mưa là nước từ trên trời rơi xuống.',NULL,'',_binary '','Mưa là gì?',NULL,103),(511,'Cây cung cấp oxy, giúp không khí trong lành và cung cấp thực phẩm.',NULL,'',_binary '','Cây có tác dụng gì đối với con người?',NULL,103),(512,'Bầu trời có màu xanh vào ban ngày.',NULL,'',_binary '','Bầu trời có màu gì vào ban ngày?',NULL,103),(513,'Các loài động vật ăn thức ăn khác nhau tùy vào loài, có thể là cỏ, thịt hoặc thức ăn khác.',NULL,'',_binary '','Các loài động vật ăn gì?',NULL,103),(514,'Chúng ta cần phải ngủ để cơ thể nghỉ ngơi và tái tạo năng lượng.',NULL,'',_binary '','Tại sao chúng ta cần phải ngủ?',NULL,103),(515,'Chân và các bộ phận khác giúp chúng ta di chuyển.',NULL,'',_binary '','Cái gì giúp chúng ta di chuyển?',NULL,103),(516,'Cây cần ánh sáng mặt trời để quang hợp và phát triển.',NULL,'',_binary '','Tại sao cây cần ánh sáng mặt trời?',NULL,103),(517,'Con người cần ăn đủ các nhóm thực phẩm như rau, thịt, cá, cơm, trái cây.',NULL,'',_binary '','Con người cần ăn gì để khỏe mạnh?',NULL,103),(518,'Cá, ếch, tôm, cua sống dưới nước.',NULL,'',_binary '','Động vật nào sống dưới nước?',NULL,103),(519,'Mặt trăng có màu trắng hoặc hơi xám.',NULL,'',_binary '','Mặt trăng có màu gì?',NULL,103),(520,'Vào ban đêm, chúng ta nhìn thấy sao và mặt trăng.',NULL,'',_binary '','Vào ban đêm, chúng ta nhìn thấy gì trên trời?',NULL,103),(521,'Chim, dơi và một số loài côn trùng có thể bay được.',NULL,'',_binary '','Con vật nào bay được?',NULL,103),(522,'Nước có trong hồ, sông, biển và trong không khí.',NULL,'',_binary '','Nước ở đâu?',NULL,103),(523,'Chúng ta phải rửa tay để loại bỏ vi khuẩn và bảo vệ sức khỏe.',NULL,'',_binary '','Tại sao chúng ta phải rửa tay trước khi ăn?',NULL,103),(524,'Lúa gạo đến từ cây lúa.',NULL,'',_binary '','Lúa gạo từ đâu đến?',NULL,103),(525,'Bão nguy hiểm vì có gió mạnh, mưa to có thể gây thiệt hại cho nhà cửa và cây cối.',NULL,'',_binary '','Tại sao bão lại nguy hiểm?',NULL,103),(526,'Tai giúp chúng ta nghe.',NULL,'',_binary '','Cái gì giúp chúng ta nghe?',NULL,103),(527,'Trái đất có hình dạng gần giống quả cầu.',NULL,'',_binary '','Trái đất có hình dạng gì?',NULL,103),(528,'Hổ, gấu, khỉ sống trong rừng.',NULL,'',_binary '','Con vật nào sống trong rừng?',NULL,103),(529,'Cần tưới nước, chăm sóc cây và bảo vệ cây khỏi sâu bệnh.',NULL,'',_binary '','Để cây sống lâu, chúng ta cần làm gì?',NULL,103),(530,'Ánh sáng mặt trời giúp cây cối phát triển và giữ cho trái đất ấm áp.',NULL,'',_binary '','Ánh sáng mặt trời có tác dụng gì?',NULL,103),(531,'Chó, mèo, voi, ngựa sống trên cạn.',NULL,'',_binary '','Các loài động vật nào sống trên cạn?',NULL,103),(532,'Mưa là nước từ trên mây rơi xuống đất.',NULL,'',_binary '','Mưa là nước từ đâu đến?',NULL,103),(533,'Lá cây có màu xanh.',NULL,'',_binary '','Màu sắc của lá cây là gì?',NULL,103),(534,'Thời tiết có thể thay đổi từ nắng sang mưa, từ nóng sang lạnh.',NULL,'',_binary '','Thời tiết có thể thay đổi như thế nào?',NULL,103),(535,'Chúng ta cần uống nước để cơ thể không bị thiếu nước và giữ sức khỏe.',NULL,'',_binary '','Tại sao chúng ta cần phải uống nước?',NULL,103),(536,'Hệ tuần hoàn.',NULL,'',_binary '','Hệ cơ quan nào chịu trách nhiệm vận chuayển máu trong cơ thể?',NULL,104),(537,'Phổi giúp trao đổi khí, lấy oxy và thải khí CO2.',NULL,'',_binary '','Phổi có chức năng gì trong cơ thể?',NULL,104),(538,'Não bộ.',NULL,'',_binary '','Cơ quan nào điều khiển toàn bộ hoạt động của cơ thể?',NULL,104),(539,'Tế bào.',NULL,'',_binary '','Đơn vị cấu trúc cơ bản của cơ thể con người là gì?',NULL,104),(540,'Thận lọc máu và loại bỏ chất thải qua nước tiểu.',NULL,'',_binary '','Thận có vai trò gì trong cơ thể?',NULL,104),(541,'Tim nằm ở giữa ngực, hơi lệch về bên trái.',NULL,'',_binary '','Tim nằm ở đâu trong cơ thể?',NULL,104),(542,'Tuyến tụy.',NULL,'',_binary '','Cơ quan nào sản xuất hormone insulin?',NULL,104),(543,'Xương hỗ trợ, bảo vệ các cơ quan và giúp cơ thể vận động.',NULL,'',_binary '','Xương có tác dụng gì đối với cơ thể?',NULL,104),(544,'Hệ tiêu hóa bắt đầu từ miệng.',NULL,'',_binary '','Hệ tiêu hóa bắt đầu từ đâu?',NULL,104),(545,'Tim bơm máu đi khắp cơ thể.',NULL,'',_binary '','Máu được bơm đi khắp cơ thể nhờ cơ quan nào?',NULL,104),(546,'Trái đất có hình cầu hơi dẹt ở hai cực.',NULL,'',_binary '','Trái đất có hình dạng gì?',NULL,105),(547,'Đại dương Thái Bình Dương.',NULL,'',_binary '','Đại dương lớn nhất trên Trái đất là gì?',NULL,105),(548,'Sông Nile.',NULL,'',_binary '','Sông nào dài nhất trên thế giới?',NULL,105),(549,'Lục địa Á-Âu (Châu Á và Châu Âu kết hợp).',NULL,'',_binary '','Lục địa lớn nhất trên Trái đất là gì?',NULL,105),(550,'Việt Nam nằm ở châu Á.',NULL,'',_binary '','Việt Nam nằm ở châu lục nào?',NULL,105),(551,'Đường xích đạo đi qua 3 lục địa: Châu Phi, Châu Á, và Nam Mỹ.',NULL,'',_binary '','Đường xích đạo đi qua bao nhiêu lục địa?',NULL,105),(552,'Khu vực Đông Nam Á.',NULL,'',_binary '','Khí hậu nhiệt đới gió mùa phổ biến ở khu vực nào?',NULL,105),(553,'Tầng đối lưu.',NULL,'',_binary '','Tầng khí quyển nào gần mặt đất nhất?',NULL,105),(554,'Hồ Caspi.',NULL,'',_binary '','Hồ lớn nhất thế giới theo diện tích là gì?',NULL,105),(555,'Núi Everest.',NULL,'',_binary '','Núi cao nhất thế giới là gì?',NULL,105),(556,'Christopher Columbus.',NULL,'',_binary '','Ai là người phát hiện ra châu Mỹ vào năm 1492?',NULL,106),(557,'Ở Anh.',NULL,'',_binary '','Cuộc cách mạng công nghiệp lần thứ nhất bắt đầu ở đâu?',NULL,106),(558,'Vua Gia Long (Nguyễn Ánh).',NULL,'',_binary '','Nhà lãnh đạo nào đã thống nhất ba miền Việt Nam vào năm 1802?',NULL,106),(559,'Từ năm 1939 đến năm 1945.',NULL,'',_binary '','Chiến tranh thế giới thứ hai diễn ra trong khoảng thời gian nào?',NULL,106),(560,'George Washington.',NULL,'',_binary '','Ai là Tổng thống đầu tiên của Hoa Kỳ?',NULL,106),(561,'Khoảng 216 năm (1010 - 1225).',NULL,'',_binary '','Triều đại nhà Lý ở Việt Nam tồn tại bao nhiêu năm?',NULL,106),(562,'Năm 1989.',NULL,'',_binary '','Bức tường Berlin sụp đổ vào năm nào?',NULL,106),(563,'Vào thế kỷ thứ 5 (năm 476).',NULL,'',_binary '','Đế chế La Mã sụp đổ vào khoảng thế kỷ nào?',NULL,106),(564,'Pháp.',NULL,'',_binary '','Quốc gia nào là nơi xuất phát của cuộc cách mạng Pháp năm 1789?',NULL,106),(565,'Sông Nile.',NULL,'',_binary '','Văn minh Ai Cập cổ đại phát triển chủ yếu dựa vào con sông nào?',NULL,106),(566,'CO2 + H2O → H2CO3 (axit cacbonic).',NULL,'',_binary '','Phản ứng hóa học nào xảy ra khi khí CO2 tác dụng với nước?',NULL,107),(567,'Nước.',NULL,'',_binary '','Chất nào là nguyên tố phi kim duy nhất có thể tồn tại ở trạng thái rắn, lỏng và khí trong điều kiện bình thường?',NULL,107),(568,'Nước.',NULL,'',_binary '','Chất nào là dung môi phổ biến nhất trong hóa học?',NULL,107),(569,'NaOH là natri hiđroxit (hay còn gọi là xút ăn da).',NULL,'',_binary '','Hợp chất NaOH là gì?',NULL,107),(570,'Hóa trị của lưu huỳnh trong SO2 là +4.',NULL,'',_binary '','Hóa trị của lưu huỳnh trong SO2 là bao nhiêu?',NULL,107),(571,'Quá trình oxi hóa là quá trình một chất mất electron.',NULL,'',_binary '','Quá trình oxi hóa là gì?',NULL,107),(572,'Phản ứng tạo ra natri hydroxide (NaOH) và khí hiđro (H2).',NULL,'',_binary '','Phản ứng giữa natri và nước tạo ra chất gì?',NULL,107),(573,'Kim loại kiềm có tính chất phản ứng mạnh với nước và oxi.',NULL,'',_binary '','Đặc điểm của kim loại kiềm là gì?',NULL,107),(574,'Định lý Boyle miêu tả mối quan hệ giữa áp suất và thể tích của một lượng khí nhất định ở nhiệt độ không đổi.',NULL,'',_binary '','Định lý Boyle trong hóa học miêu tả mối quan hệ nào?',NULL,107),(575,'Khi axit và bazơ phản ứng với nhau, chúng tạo thành muối và nước.',NULL,'',_binary '','Sự biến đổi nào xảy ra khi axit và bazơ phản ứng với nhau?',NULL,107),(576,'Thành Cát Tư Hãn.',NULL,'',_binary '','Ai là người sáng lập ra Đế chế Mông Cổ?',NULL,108),(577,'1939.',NULL,'',_binary '','Cuộc chiến tranh thế giới thứ hai bắt đầu vào năm nào?',NULL,108),(578,'Christopher Columbus.',NULL,'',_binary '','Ai là người đầu tiên khám phá ra châu Mỹ vào năm 1492?',NULL,108),(579,'476 sau Công Nguyên.',NULL,'',_binary '','Đế quốc La Mã sụp đổ vào năm nào?',NULL,108),(580,'1789.',NULL,'',_binary '','Cuộc Cách mạng Pháp diễn ra vào năm nào?',NULL,108),(581,'Vladimir Lenin.',NULL,'',_binary '','Ai là người lãnh đạo cuộc Cách mạng tháng Mười Nga năm 1917?',NULL,108),(582,'4 tháng 7.',NULL,'',_binary '','Ngày Quốc khánh của Mỹ được tổ chức vào ngày nào?',NULL,108),(583,'Phục hưng nghệ thuật và khoa học, đặc biệt là văn hóa cổ đại Hy Lạp và La Mã.',NULL,'',_binary '','Đặc điểm của phong trào Phục hưng ở châu Âu là gì?',NULL,108),(584,'Anh.',NULL,'',_binary '','Quốc gia nào đã chiến thắng trong trận Waterloo năm 1815?',NULL,108),(585,'1861–1865.',NULL,'',_binary '','Cuộc chiến tranh giữa Bắc và Nam Mỹ (Nội chiến Mỹ) diễn ra vào thời gian nào?',NULL,108),(586,'A. 1',NULL,'',_binary '','Tính giá trị của biểu thức lim⁡x→0sin⁡xx\\lim_{{x \\to 0}} \\frac{\\sin x}{x}\n\nA. 1\n\nB. 0\n\nC. ∞\\infty\n\nD. -1',NULL,109),(587,'B. x=2,3x = 2, 3',NULL,'',_binary '','Phương trình bậc hai x2−5x+6=0x^2 - 5x + 6 = 0 có nghiệm là gì?\n\nA. x=1,6x = 1, 6\n\nB. x=2,3x = 2, 3\n\nC. x=−1,−6x = -1, -6\n\nD. x=−2,−3x = -2, -3',NULL,109),(588,'A. 9x2−8x+59x^2 - 8x + 5',NULL,'',_binary '','Tìm đạo hàm của hàm số f(x)=3x3−4x2+5x−2f(x) = 3x^3 - 4x^2 + 5x - 2?\n\nA. 9x2−8x+59x^2 - 8x + 5\n\nB. 9x2−8x+29x^2 - 8x + 2\n\nC. 6x2−8x+56x^2 - 8x + 5\n\nD. 6x2−8x+26x^2 - 8x + 2',NULL,109),(589,'A. 25π cm²',NULL,'',_binary '','Diện tích hình tròn có bán kính 5cm là bao nhiêu?\n\nA. 25π cm²\n\nB. 50π cm²\n\nC. 10π cm²\n\nD. 20π cm²',NULL,109),(590,'A. 1x\\frac{1}{x}',NULL,'',_binary '','Tìm đạo hàm của hàm số f(x)=ln⁡xf(x) = \\ln x?\n\nA. 1x\\frac{1}{x}\n\nB. xx\n\nC. ln⁡x\\ln x\n\nD. exe^x',NULL,109),(591,'C. 53\\frac{5}{3}',NULL,'',_binary '','Tính tích phân ∫01(x2+1)dx\\int_0^1 (x^2 + 1) dx?\n\nA. 23\\frac{2}{3}\n\nB. 1\n\nC. 53\\frac{5}{3}\n\nD. 32\\frac{3}{2}',NULL,109),(592,'A. 32 cm²',NULL,'',_binary '','Đoạn đường chéo của hình vuông có độ dài 8 cm. Diện tích của hình vuông là bao nhiêu?\n\nA. 32 cm²\n\nB. 64 cm²\n\nC. 16 cm²\n\nD. 20 cm²',NULL,109),(593,'A. π3,5π3\\frac{\\pi}{3}, \\frac{5\\pi}{3}',NULL,'',_binary '','Giải phương trình 2sin⁡x=32\\sin x = \\sqrt{3} trong khoảng [0,2π][0, 2\\pi]?\n\nA. π3,5π3\\frac{\\pi}{3}, \\frac{5\\pi}{3}\n\nB. π2,3π2\\frac{\\pi}{2}, \\frac{3\\pi}{2}\n\nC. π6,5π6\\frac{\\pi}{6}, \\frac{5\\pi}{6}\n\nD. π4,3π4\\frac{\\pi}{4}, \\frac{3\\pi}{4}',NULL,109),(594,'A. 12\\frac{1}{2}',NULL,'',_binary '','Tìm giá trị của cos⁡60∘\\cos 60^\\circ?\n\nA. 12\\frac{1}{2}\n\nB. 0\n\nC. 32\\frac{\\sqrt{3}}{2}\n\nD. 1',NULL,109),(595,'C. 2\n\nCác câu hỏi trên đã có đáp án đầy đủ theo định dạng mà bạn yêu cầu.',NULL,'',_binary '','Tính giá trị biểu thức ∫0πsin⁡x dx\\int_0^\\pi \\sin x \\, dx?\n\nA. 0\n\nB. 1\n\nC. 2\n\nD. π\\pi',NULL,109),(596,'A. 12 cm²',NULL,'',_binary '','Diện tích tam giác có cạnh đáy dài 6cm và chiều cao 4cm là bao nhiêu?\n\nA. 12 cm²\n\nB. 24 cm²\n\nC. 16 cm²\n\nD. 10 cm²',NULL,110),(597,'A. 20 cm',NULL,'',_binary '','Tính chu vi hình vuông có cạnh dài 5cm.\n\nA. 20 cm\n\nB. 25 cm\n\nC. 10 cm\n\nD. 15 cm',NULL,110),(598,'A. 49π cm²',NULL,'',_binary '','Tính diện tích của hình tròn có bán kính 7cm.\n\nA. 49π cm²\n\nB. 14π cm²\n\nC. 28π cm²\n\nD. 35π cm²',NULL,110),(599,'A. 40 cm²',NULL,'',_binary '','Hình chữ nhật có chiều dài 8cm và chiều rộng 5cm. Tính diện tích của nó.\n\nA. 40 cm²\n\nB. 30 cm²\n\nC. 50 cm²\n\nD. 60 cm²',NULL,110),(600,'B. 28 cm²',NULL,'',_binary '','Diện tích của hình thang có đáy lớn dài 10cm, đáy nhỏ dài 6cm và chiều cao 4cm là bao nhiêu?\n\nA. 32 cm²\n\nB. 28 cm²\n\nC. 36 cm²\n\nD. 40 cm²',NULL,110),(601,'C. 20 cm²',NULL,'',_binary '','Tính diện tích tam giác vuông có cạnh huyền dài 10cm và một cạnh góc vuông dài 6cm.\n\nA. 30 cm²\n\nB. 25 cm²\n\nC. 20 cm²\n\nD. 15 cm²',NULL,110),(602,'A. 60 cm³',NULL,'',_binary '','Tính thể tích của hình hộp chữ nhật có chiều dài 3cm, chiều rộng 4cm và chiều cao 5cm.\n\nA. 60 cm³\n\nB. 45 cm³\n\nC. 50 cm³\n\nD. 40 cm³',NULL,110),(603,'A. 49π cm²',NULL,'',_binary '','Tính diện tích của một hình tròn có đường kính là 14cm.\n\nA. 49π cm²\n\nB. 49 cm²\n\nC. 7π cm²\n\nD. 14π cm²',NULL,110),(604,'A. 24 cm²',NULL,'',_binary '','Hình thoi có một đường chéo dài 6cm và một đường chéo còn lại dài 8cm. Tính diện tích của hình thoi.\n\nA. 24 cm²\n\nB. 36 cm²\n\nC. 28 cm²\n\nD. 32 cm²',NULL,110),(605,'B. 27π cm327\\pi \\, cm³27πcm3',NULL,'',_binary '','Tính thể tích của một hình cầu có bán kính 3cm.\n\nA. 36π cm336\\pi \\, cm³36πcm3\n\nB. 27π cm327\\pi \\, cm³27πcm3\n\nC. 9π cm39\\pi \\, cm³9πcm3\n\nD. 81π cm381\\pi \\, cm³81πcm3',NULL,110),(606,'A. 6 N6 \\, N6N',NULL,'',_binary '','Một điện tích điểm q=3μCq = 3\\mu Cq=3μC đặt trong điện trường đều có cường độ E=2×103 N/CE = 2 \\times 10^3 \\, N/CE=2×103N/C. Lực tác dụng lên điện tích là bao nhiêu?\n\nA. 6 N6 \\, N6N\n\nB. 0.006 N0.006 \\, N0.006N\n\nC. 600 N600 \\, N600N\n\nD. 0.6 N0.6 \\, N0.6N',NULL,111),(607,'A. 600 C',NULL,'',_binary '','Cường độ dòng điện trong một dây dẫn là 2A. Tính điện lượng chuyển qua tiết diện dây dẫn trong 5 phút.\n\nA. 600 C\n\nB. 240 C\n\nC. 120 C\n\nD. 180 C',NULL,111),(608,'B. 7.07 V7.07 \\, V7.07V',NULL,'',_binary '','Trong một mạch điện xoay chiều, điện áp cực đại là U0=10 VU_0 = 10 \\, VU0 =10V. Tính giá trị hiệu dụng của điện áp.\n\nA. 5 V5 \\, V5V\n\nB. 7.07 V7.07 \\, V7.07V\n\nC. 10 V10 \\, V10V\n\nD. 14.14 V14.14 \\, V14.14V',NULL,111),(609,'A. 40 W',NULL,'',_binary '','Một đoạn mạch điện xoay chiều có điện trở R=10 ΩR = 10 \\, \\OmegaR=10Ω và hiệu điện thế cực đại U0=20 VU_0 = 20 \\, VU0 =20V. Tính công suất tiêu thụ của đoạn mạch khi dòng điện có cường độ hiệu dụng I=2AI = 2AI=2A.\n\nA. 40 W\n\nB. 20 W\n\nC. 10 W\n\nD. 80 W',NULL,111),(610,'A. 100 m/s100 \\, m/s100m/s',NULL,'',_binary '','Một sóng cơ học truyền trong một sợi dây với tần số f=50 Hzf = 50 \\, Hzf=50Hz và bước sóng λ=2 m\\lambda = 2 \\, mλ=2m. Tính vận tốc của sóng.\n\nA. 100 m/s100 \\, m/s100m/s\n\nB. 25 m/s25 \\, m/s25m/s\n\nC. 10 m/s10 \\, m/s10m/s\n\nD. 50 m/s50 \\, m/s50m/s',NULL,111),(611,'B. 5×107 m5 \\times 10^7 \\, m5×107m',NULL,'',_binary '','Một sóng điện từ có tần số 60 Hz. Tính bước sóng của sóng này trong không khí (vận tốc ánh sáng trong không khí là c=3×108 m/sc = 3 \\times 10^8 \\, m/sc=3×108m/s).\n\nA. 5×106 m5 \\times 10^6 \\, m5×106m\n\nB. 5×107 m5 \\times 10^7 \\, m5×107m\n\nC. 5×108 m5 \\times 10^8 \\, m5×108m\n\nD. 5×109 m5 \\times 10^9 \\, m5×109m',NULL,111),(612,'A. 50 J',NULL,'',_binary '','Một khối lượng 0.5 kg di chuyển với vận tốc 10 m/s. Tính động năng của khối lượng này.\n\nA. 50 J\n\nB. 25 J\n\nC. 100 J\n\nD. 200 J',NULL,111),(613,'A. 1.8×104 N1.8 \\times 10^4 \\, N1.8×104N',NULL,'',_binary '','Tính độ lớn của lực điện giữa hai điện tích điểm q1=5μCq_1 = 5\\mu Cq1 =5μC và q2=−3μCq_2 = -3\\mu Cq2 =−3μC cách nhau 0.1m trong chân không.\n\nA. 1.8×104 N1.8 \\times 10^4 \\, N1.8×104N\n\nB. 2.25×104 N2.25 \\times 10^4 \\, N2.25×104N\n\nC. 1.2×104 N1.2 \\times 10^4 \\, N1.2×104N\n\nD. 2×104 N2 \\times 10^4 \\, N2×104N',NULL,111),(614,'B. 3s',NULL,'',_binary '','Một con lắc đơn có chiều dài dây l=2ml = 2ml=2m và gia tốc trọng trường g=9.8 m/s2g = 9.8 \\, m/s^2g=9.8m/s2. Tính chu kỳ dao động của con lắc này.\n\nA. 2s\n\nB. 3s\n\nC. 1s\n\nD. 4s',NULL,111),(615,'A. 1.2×10201.2 \\times 10^{20}1.2×1020 photon',NULL,'',_binary '','Một nguồn sáng có công suất phát sáng P=100WP = 100 WP=100W và bức xạ có bước sóng λ=500 nm\\lambda = 500 \\, nmλ=500nm. Tính số lượng photon phát ra trong mỗi giây.\n\nA. 1.2×10201.2 \\times 10^{20}1.2×1020 photon\n\nB. 1.6×10201.6 \\times 10^{20}1.6×1020 photon\n\nC. 2×10192 \\times 10^{19}2×1019 photon\n\nD. 3×10203 \\times 10^{20}3×1020 photon',NULL,111),(616,'C. 0.171 mol/L',NULL,'',_binary '','Hòa tan 10g NaCl vào 100g nước. Tính nồng độ mol của NaCl trong dung dịch (biết khối lượng phân tử NaCl = 58.5g/mol).\n\nA. 1.71 mol/L\n\nB. 1.7 mol/L\n\nC. 0.171 mol/L\n\nD. 0.017 mol/L',NULL,112),(617,'A. NaOH + HCl → NaCl + H₂O',NULL,'',_binary '','Cho dung dịch NaOH vào dung dịch HCl, phản ứng xảy ra là:\n\nA. NaOH + HCl → NaCl + H₂O\n\nB. NaOH + HCl → Na₂Cl + H₂O\n\nC. NaOH + HCl → NaH + Cl₂\n\nD. NaOH + HCl → NaOHCl',NULL,112),(618,'A. CuO',NULL,'',_binary '','Khi nung nóng CuSO₄, sẽ thu được chất nào sau đây?\n\nA. CuO\n\nB. Cu\n\nC. SO₂\n\nD. CuSO₃',NULL,112),(619,'B. 10 ml',NULL,'',_binary '','Một dung dịch axit H₂SO₄ có nồng độ 0.5 mol/L. Tính thể tích dung dịch H₂SO₄ cần lấy để trung hòa 20 ml dung dịch NaOH 0.5 mol/L.\n\nA. 20 ml\n\nB. 10 ml\n\nC. 40 ml\n\nD. 50 ml',NULL,112),(620,'A. 32g',NULL,'',_binary '','Khi đốt cháy một hỗn hợp khí metan và oxi, phản ứng xảy ra theo phương trình: CH₄ + 2O₂ → CO₂ + 2H₂O. Nếu khí metan có khối lượng 16g thì khối lượng khí oxi cần tham gia phản ứng là:\n\nA. 32g\n\nB. 48g\n\nC. 16g\n\nD. 64g',NULL,112),(621,'A. 2 mol',NULL,'',_binary '','Trong phản ứng giữa Fe và HCl, Fe tác dụng với HCl theo tỉ lệ mol 1:2. Nếu lấy 56g Fe thì cần bao nhiêu mol HCl để phản ứng hoàn toàn?\n\nA. 2 mol\n\nB. 1 mol\n\nC. 0.5 mol\n\nD. 4 mol',NULL,112),(622,'C. Cu',NULL,'',_binary '','Nung nóng một mẫu CuSO₄ trong điều kiện không có không khí. Phản ứng xảy ra sẽ tạo ra chất gì?\n\nA. CuO\n\nB. Cu₂O\n\nC. Cu\n\nD. CuSO₃',NULL,112),(623,'B. BaSO₄ và NaCl',NULL,'',_binary '','Trong một phản ứng trao đổi ion giữa BaCl₂ và Na₂SO₄, kết quả thu được là chất nào?\n\nA. NaCl và BaSO₄\n\nB. BaSO₄ và NaCl\n\nC. BaCl₂ và Na₂SO₄\n\nD. BaSO₄ và Na₂SO₄',NULL,112),(624,'B. 18g',NULL,'',_binary '','Cho 10g Na vào nước. Khi phản ứng hoàn toàn, khối lượng dung dịch thu được là:\n\nA. 10g\n\nB. 18g\n\nC. 20g\n\nD. 30g',NULL,112),(625,'A. 5.2g',NULL,'',_binary '','Cho 1,6g khí oxi (O₂) vào một bình đựng 4g metan (CH₄), phản ứng hoàn toàn sẽ thu được bao nhiêu gam khí CO₂?\n\nA. 5.2g\n\nB. 8g\n\nC. 9.6g\n\nD. 4.4g',NULL,112),(626,'A. Danh từ',NULL,'',_binary '','Từ \"ngày\" trong câu \"Ngày xưa, có một con quạ\" thuộc loại từ nào?\n\nA. Danh từ\n\nB. Động từ\n\nC. Tính từ\n\nD. Trạng từ',NULL,113),(627,'D. Cả A, B, C đều đúng.',NULL,'',_binary '','Chọn câu văn có từ \"rất\" là trạng từ chỉ mức độ.\n\nA. Cô ấy rất xinh đẹp.\n\nB. Con mèo rất nhanh nhẹn.\n\nC. Tôi rất thích đi du lịch.\n\nD. Cả A, B, C đều đúng.',NULL,113),(628,'B. Con chim đang bay.',NULL,'',_binary '','Câu nào sau đây là câu kể?\n\nA. Đừng để tôi một mình!\n\nB. Con chim đang bay.\n\nC. Em sẽ đi học vào sáng mai.\n\nD. Hãy giữ gìn sức khỏe nhé!',NULL,113),(629,'B. Một người',NULL,'',_binary '','Từ \"mỗi\" trong câu \"Mỗi người cần cố gắng học tập\" có nghĩa gì?\n\nA. Tất cả mọi người\n\nB. Một người\n\nC. Một cách đều đặn\n\nD. Một phần trong tập hợp',NULL,113),(630,'B. Chiếu',NULL,'',_binary '','Trong đoạn văn: \"Mặt trời chiếu sáng và cây cối đâm chồi nảy lộc,\" từ nào là động từ?\n\nA. Mặt trời\n\nB. Chiếu\n\nC. Cây cối\n\nD. Nảy',NULL,113),(631,'D. Tất cả các câu trên đều đúng.',NULL,'',_binary '','Chọn câu văn dùng từ \"cần\" đúng nghĩa.\n\nA. Anh ấy rất cần sự giúp đỡ.\n\nB. Tôi cần đi học.\n\nC. Em cần ngủ đủ giấc.\n\nD. Tất cả các câu trên đều đúng.',NULL,113),(632,'A. Hôm nay trời đẹp.',NULL,'',_binary '','Chọn câu sau đây có một trạng ngữ chỉ thời gian.\n\nA. Hôm nay trời đẹp.\n\nB. Trời hôm nay rất nóng.\n\nC. Chúng ta đi ăn trưa nhé.\n\nD. Đúng rồi, tôi đồng ý.',NULL,113),(633,'D. Tất cả đều đúng.',NULL,'',_binary '','Câu nào sau đây sử dụng từ \"có\" đúng cách?\n\nA. Tôi có thể làm được việc này.\n\nB. Có một con mèo dưới gốc cây.\n\nC. Mọi người có vui không?\n\nD. Tất cả đều đúng.',NULL,113),(634,'C. Quanh',NULL,'',_binary '','Trong câu \"Con đường quanh co uốn khúc,\" từ nào là tính từ?\n\nA. Con\n\nB. Đường\n\nC. Quanh\n\nD. Uốn',NULL,113),(635,'B. Tính từ\n\nNhững câu hỏi trên giúp kiểm tra các kiến thức cơ bản về từ loại, câu văn, và ngữ pháp trong chương trình Ngữ văn lớp 6.',NULL,'',_binary '','Từ \"vui\" trong câu \"Em rất vui vì được gặp lại bạn\" là từ loại nào?\n\nA. Động từ\n\nB. Tính từ\n\nC. Danh từ\n\nD. Trạng từ',NULL,113),(636,'A. 안녕하세요 (Annyeonghaseyo)',NULL,'',_binary '','Từ nào trong tiếng Hàn có nghĩa là \"Xin chào\"?\n\nA. 안녕하세요 (Annyeonghaseyo)\n\nB. 감사합니다 (Gamsahamnida)\n\nC. 미안합니다 (Mianhamnida)\n\nD. 잘 가요 (Jal gayo)',NULL,114),(637,'B. 감사합니다 (Gamsahamnida)',NULL,'',_binary '','Từ nào có nghĩa là \"Cảm ơn\"?\n\nA. 안녕하세요 (Annyeonghaseyo)\n\nB. 감사합니다 (Gamsahamnida)\n\nC. 고마워요 (Gomawoyo)\n\nD. 미안합니다 (Mianhamnida)',NULL,114),(638,'B. Trường học',NULL,'',_binary '','\"학교\" trong tiếng Hàn có nghĩa là gì?\n\nA. Bệnh viện\n\nB. Trường học\n\nC. Quán ăn\n\nD. Cửa hàng',NULL,114),(639,'B. 나 (Na)',NULL,'',_binary '','Từ nào có nghĩa là \"Tôi\"?\n\nA. 그 (Geu)\n\nB. 나 (Na)\n\nC. 너 (Neo)\n\nD. 당신 (Dangsin)',NULL,114),(640,'B. Tôi là học sinh',NULL,'',_binary '','Câu \"저는 학생입니다\" có nghĩa là gì?\n\nA. Tôi là giáo viên\n\nB. Tôi là học sinh\n\nC. Bạn là học sinh\n\nD. Cô ấy là học sinh',NULL,114),(641,'B. 너 (Neo)',NULL,'',_binary '','Từ nào trong tiếng Hàn có nghĩa là \"Bạn\"?\n\nA. 나 (Na)\n\nB. 너 (Neo)\n\nC. 그 (Geu)\n\nD. 저 (Jeo)',NULL,114),(642,'A. 사랑해요 (Saranghaeyo)',NULL,'',_binary '','Câu nào là \"Tôi yêu bạn\" trong tiếng Hàn?\n\nA. 사랑해요 (Saranghaeyo)\n\nB. 고마워요 (Gomawoyo)\n\nC. 감사합니다 (Gamsahamnida)\n\nD. 미안해요 (Mianhaeyo)',NULL,114),(643,'B. Nước',NULL,'',_binary '','Từ \"물\" trong tiếng Hàn có nghĩa là gì?\n\nA. Cơm\n\nB. Nước\n\nC. Bánh\n\nD. Trái cây',NULL,114),(644,'A. Hôm nay trời đẹp',NULL,'',_binary '','Câu \"오늘은 날씨가 좋아요\" có nghĩa là gì?\n\nA. Hôm nay trời đẹp\n\nB. Hôm nay trời mưa\n\nC. Hôm nay trời lạnh\n\nD. Hôm nay trời nắng',NULL,114),(645,'B. Kêu gọi sự chú ý',NULL,'',_binary '','Từ \"저기요\" trong tiếng Hàn dùng để làm gì?\n\nA. Chào hỏi\n\nB. Kêu gọi sự chú ý\n\nC. Xin lỗi\n\nD. Cảm ơn',NULL,114),(646,'C. #',NULL,'',_binary '','Trong ngôn ngữ lập trình Python, dấu hiệu nào được dùng để tạo một comment?\n\nA. //\n\nB. /* */\n\nC. #\n\nD.',NULL,115),(647,'C. def',NULL,'',_binary '','Trong ngôn ngữ lập trình Python, từ khóa nào dùng để định nghĩa một hàm?\n\nA. func\n\nB. define\n\nC. def\n\nD. function',NULL,115),(648,'A. print()',NULL,'',_binary '','Câu lệnh nào dùng để in ra màn hình trong Python?\n\nA. print()\n\nB. echo()\n\nC. output()\n\nD. show()',NULL,115),(649,'A. Kết thúc hàm và trả về một giá trị',NULL,'',_binary '','Trong lập trình, từ khóa \"return\" có nghĩa là gì?\n\nA. Kết thúc hàm và trả về một giá trị\n\nB. Gọi lại một hàm\n\nC. In ra giá trị\n\nD. Định nghĩa một biến',NULL,115),(650,'C. x = 5',NULL,'',_binary '','Câu lệnh nào dùng để khai báo một biến trong Python?\n\nA. variable x = 5\n\nB. let x = 5\n\nC. x = 5\n\nD. var x = 5',NULL,115),(651,'C. if',NULL,'',_binary '','Câu lệnh nào dùng để kiểm tra điều kiện trong Python?\n\nA. if else\n\nB. if then\n\nC. if\n\nD. check',NULL,115),(652,'B. for',NULL,'',_binary '','Từ khóa nào được sử dụng để tạo một vòng lặp trong Python?\n\nA. loop\n\nB. for\n\nC. repeat\n\nD. while',NULL,115),(653,'B. break',NULL,'',_binary '','Để kết thúc một vòng lặp trong Python, ta sử dụng câu lệnh nào?\n\nA. end\n\nB. break\n\nC. stop\n\nD. exit',NULL,115),(654,'C. list',NULL,'',_binary '','Trong Python, nếu bạn muốn lưu trữ một danh sách các giá trị, bạn sử dụng kiểu dữ liệu nào?\n\nA. string\n\nB. int\n\nC. list\n\nD. tuple',NULL,115),(655,'D. Một dãy hoặc tập hợp giá trị',NULL,'',_binary '','Trong Python, khi bạn sử dụng vòng lặp \"for\", bạn thường xuyên cần phải chỉ định gì?\n\nA. Số lần lặp\n\nB. Một điều kiện\n\nC. Một chuỗi\n\nD. Một dãy hoặc tập hợp giá trị',NULL,115),(656,'B. Lý thuyết cách mạng vô sản',NULL,'',_binary '','Chủ nghĩa Mac-Lenin được xây dựng trên nền tảng lý thuyết nào?\n\nA. Lý thuyết dân chủ\n\nB. Lý thuyết cách mạng vô sản\n\nC. Lý thuyết tự do kinh tế\n\nD. Lý thuyết quốc gia và dân tộc',NULL,116),(657,'D. Cả A và B',NULL,'',_binary '','Ai là người sáng lập ra chủ nghĩa xã hội khoa học?\n\nA. Karl Marx\n\nB. Vladimir Lenin\n\nC. Friedrich Engels\n\nD. Cả A và B',NULL,116),(658,'C. Marx và Engels',NULL,'',_binary '','Tuyên ngôn của Đảng Cộng sản được viết bởi ai?\n\nA. Lenin và Marx\n\nB. Engels và Lenin\n\nC. Marx và Engels\n\nD. Stalin và Marx',NULL,116),(659,'B. Giai cấp vô sản là giai cấp lãnh đạo cách mạng',NULL,'',_binary '','Quan điểm của chủ nghĩa Mac-Lenin về giai cấp là gì?\n\nA. Giai cấp vô sản có thể hợp tác với giai cấp tư sản\n\nB. Giai cấp vô sản là giai cấp lãnh đạo cách mạng\n\nC. Mọi giai cấp đều bình đẳng\n\nD. Giai cấp tư sản sẽ thắng thế giai cấp vô sản',NULL,116),(660,'B. Chủ nghĩa xã hội',NULL,'',_binary '','Theo Lenin, cuộc cách mạng vô sản sẽ kết thúc bằng hình thức nào?\n\nA. Cộng hòa dân chủ\n\nB. Chủ nghĩa xã hội\n\nC. Chủ nghĩa tư bản\n\nD. Chế độ quân chủ',NULL,116),(661,'C. Chủ nghĩa cộng sản',NULL,'',_binary '','Chế độ xã hội mà Marx và Engels mô tả trong \"Tuyên ngôn của Đảng Cộng sản\" là gì?\n\nA. Chủ nghĩa tư bản\n\nB. Chủ nghĩa xã hội\n\nC. Chủ nghĩa cộng sản\n\nD. Chế độ phong kiến',NULL,116),(662,'B. Tiến hành cách mạng vũ trang để giành chính quyền',NULL,'',_binary '','Đặc điểm của chủ nghĩa xã hội theo quan điểm của chủ nghĩa Mac-Lenin là gì?\n\nA. Tăng cường sức mạnh quân đội\n\nB. Tiến hành cách mạng vũ trang để giành chính quyền\n\nC. Duy trì chế độ phong kiến\n\nD. Tạo ra một nền kinh tế tư bản chủ nghĩa',NULL,116),(663,'B. Nga',NULL,'',_binary '','Lenin là người đã phát triển và áp dụng lý thuyết của Mac-Lenin vào quốc gia nào?\n\nA. Đức\n\nB. Nga\n\nC. Trung Quốc\n\nD. Cuba',NULL,116),(664,'B. Một xã hội không có sự phân chia giai cấp',NULL,'',_binary '','Theo chủ nghĩa Mac-Lenin, xã hội tương lai sẽ như thế nào?\n\nA. Một xã hội có sự phân chia giai cấp rõ rệt\n\nB. Một xã hội không có sự phân chia giai cấp\n\nC. Một xã hội duy trì chế độ phong kiến\n\nD. Một xã hội do các nhà tư bản thống trị',NULL,116),(665,'B. Cách mạng phải do một đảng cầm quyền lãnh đạo',NULL,'',_binary '','Đặc điểm nổi bật trong lý thuyết cách mạng của Lenin là gì?\n\nA. Cách mạng phải diễn ra ở nhiều quốc gia cùng lúc\n\nB. Cách mạng phải do một đảng cầm quyền lãnh đạo\n\nC. Cách mạng không cần bạo lực\n\nD. Cách mạng chỉ có thể xảy ra khi điều kiện kinh tế đã sẵn sàng',NULL,116),(666,'A. Xin chào',NULL,'',_binary '','\"こんにちは\" trong tiếng Nhật có nghĩa là gì?\n\nA. Xin chào\n\nB. Tạm biệt\n\nC. Cảm ơn\n\nD. Xin lỗi',NULL,117),(667,'B. Mặt trời',NULL,'',_binary '','Chữ kanji \"日\" trong tiếng Nhật có nghĩa là gì?\n\nA. Đêm\n\nB. Mặt trời\n\nC. Tháng\n\nD. Năm',NULL,117),(668,'B. Cảm ơn',NULL,'',_binary '','\"ありがとう\" có nghĩa là gì trong tiếng Nhật?\n\nA. Xin lỗi\n\nB. Cảm ơn\n\nC. Chúc mừng\n\nD. Tạm biệt',NULL,117),(669,'A. わたしは学生です',NULL,'',_binary '','Từ nào dưới đây là cách nói \"Tôi là học sinh\" trong tiếng Nhật?\n\nA. わたしは学生です\n\nB. 先生です\n\nC. これは学生です\n\nD. わたしは先生です',NULL,117),(670,'A. Buổi sáng',NULL,'',_binary '','\"おはよう\" được sử dụng trong trường hợp nào?\n\nA. Buổi sáng\n\nB. Buổi chiều\n\nC. Buổi tối\n\nD. Giữa đêm',NULL,117),(671,'B. Ăn',NULL,'',_binary '','Từ \"食べる\" trong tiếng Nhật có nghĩa là gì?\n\nA. Uống\n\nB. Ăn\n\nC. Ngủ\n\nD. Viết',NULL,117),(672,'A. Tạm biệt',NULL,'',_binary '','\"さようなら\" trong tiếng Nhật có nghĩa là gì?\n\nA. Tạm biệt\n\nB. Xin lỗi\n\nC. Cảm ơn\n\nD. Chúc ngủ ngon',NULL,117),(673,'B. Tiếng Nhật',NULL,'',_binary '','\"日本語\" có nghĩa là gì trong tiếng Nhật?\n\nA. Tiếng Anh\n\nB. Tiếng Nhật\n\nC. Tiếng Trung\n\nD. Tiếng Hàn',NULL,117),(674,'A. Xin lỗi',NULL,'',_binary '','\"すみません\" trong tiếng Nhật có thể được dùng để nói gì?\n\nA. Xin lỗi\n\nB. Cảm ơn\n\nC. Chúc mừng\n\nD. Tạm biệt',NULL,117),(675,'C. Khi nhận được sự giúp đỡ hoặc khi cảm ơn',NULL,'',_binary '','Từ \"ありがとう\" thường được nói vào thời điểm nào trong ngày?\n\nA. Chỉ vào buổi sáng\n\nB. Chỉ vào buổi chiều\n\nC. Khi nhận được sự giúp đỡ hoặc khi cảm ơn\n\nD. Khi gặp mặt lần đầu',NULL,117),(676,'A. Xin chào',NULL,'',_binary '','\"สวัสดี\" trong tiếng Thái có nghĩa là gì?\n\nA. Xin chào\n\nB. Tạm biệt\n\nC. Cảm ơn\n\nD. Xin lỗi',NULL,118),(677,'B. Cảm ơn',NULL,'',_binary '','\"ขอบคุณ\" trong tiếng Thái có nghĩa là gì?\n\nA. Tạm biệt\n\nB. Cảm ơn\n\nC. Xin lỗi\n\nD. Xin chào',NULL,118),(678,'A. Đi',NULL,'',_binary '','\"ไป\" trong tiếng Thái có nghĩa là gì?\n\nA. Đi\n\nB. Đến\n\nC. Ngủ\n\nD. Làm việc',NULL,118),(679,'B. Có',NULL,'',_binary '','Từ \"ใช่\" trong tiếng Thái có nghĩa là gì?\n\nA. Không\n\nB. Có\n\nC. Xin lỗi\n\nD. Tạm biệt',NULL,118),(680,'A. Xin lỗi',NULL,'',_binary '','\"ขอโทษ\" trong tiếng Thái có nghĩa là gì?\n\nA. Xin lỗi\n\nB. Cảm ơn\n\nC. Tạm biệt\n\nD. Chúc mừng',NULL,118),(681,'A. Nước',NULL,'',_binary '','\"น้ำ\" trong tiếng Thái có nghĩa là gì?\n\nA. Nước\n\nB. Gạo\n\nC. Cà phê\n\nD. Trà',NULL,118),(682,'B. Bạn tên là gì?',NULL,'',_binary '','\"คุณชื่ออะไร?\" trong tiếng Thái có nghĩa là gì?\n\nA. Bạn làm gì?\n\nB. Bạn tên là gì?\n\nC. Bạn đến từ đâu?\n\nD. Bạn khỏe không?',NULL,118),(683,'B. Nhà',NULL,'',_binary '','\"บ้าน\" trong tiếng Thái có nghĩa là gì?\n\nA. Trường học\n\nB. Nhà\n\nC. Công viên\n\nD. Chợ',NULL,118),(684,'C. Chúc mừng sinh nhật',NULL,'',_binary '','\"สุขสันต์วันเกิด\" trong tiếng Thái có nghĩa là gì?\n\nA. Chúc ngủ ngon\n\nB. Chúc mừng năm mới\n\nC. Chúc mừng sinh nhật\n\nD. Cảm ơn',NULL,118),(685,'C. Tại sao',NULL,'',_binary '','\"ทำไม\" trong tiếng Thái có nghĩa là gì?\n\nA. Ở đâu\n\nB. Khi nào\n\nC. Tại sao\n\nD. Làm gì',NULL,118),(686,'B. 5',NULL,'',_binary '','2 + 3 = ?\n\nA. 4\n\nB. 5\n\nC. 6\n\nD. 7',NULL,119),(687,'B. 4',NULL,'',_binary '','6 - 2 = ?\n\nA. 3\n\nB. 4\n\nC. 5\n\nD. 6',NULL,119),(688,'B. 7',NULL,'',_binary '','3 + 4 = ?\n\nA. 6\n\nB. 7\n\nC. 8\n\nD. 9',NULL,119),(689,'C. 5',NULL,'',_binary '','10 - 5 = ?\n\nA. 3\n\nB. 4\n\nC. 5\n\nD. 6',NULL,119),(690,'B. 7',NULL,'',_binary '','5 + 2 = ?\n\nA. 6\n\nB. 7\n\nC. 8\n\nD. 9',NULL,119),(691,'A. 5',NULL,'',_binary '','8 - 3 = ?\n\nA. 4\n\nB. 5\n\nC. 6\n\nD. 7',NULL,119),(692,'B. 10',NULL,'',_binary '','4 + 6 = ?\n\nA. 9\n\nB. 10\n\nC. 11\n\nD. 12',NULL,119),(693,'B. 3',NULL,'',_binary '','7 - 4 = ?\n\nA. 2\n\nB. 3\n\nC. 4\n\nD. 5',NULL,119),(694,'B. 7',NULL,'',_binary '','2 + 5 = ?\n\nA. 6\n\nB. 7\n\nC. 8\n\nD. 9',NULL,119),(695,'A. 3',NULL,'',_binary '','9 - 6 = ?\n\nA. 2\n\nB. 3\n\nC. 4\n\nD. 5',NULL,119),(696,'A. iter()',NULL,'https://firebasestorage.googleapis.com/v0/b/fir-1-a1ff1.firebasestorage.app/o/images%2F1735442929300-82d13d9f-08ca-4da2-8d75-7be1116fba94.png?alt=media&token=2b1d116a-dad7-44f2-bc21-42f55f65e8e6',_binary '','Hàm nào dưới đây được sử dụng để kiểm tra xem một đối tượng có phải là iterable trong Python không?\n\nA. iter()\n\nB. isinstance()\n\nC. type()\n\nD. list()',NULL,120),(697,'D. yield',NULL,'https://firebasestorage.googleapis.com/v0/b/fir-1-a1ff1.firebasestorage.app/o/images%2F1735442942523-65fe69f6-f448-46a8-a027-53eab40df48c.png?alt=media&token=59a5eb26-3237-4a3d-8669-85791378e622',_binary '','Câu lệnh nào dưới đây được dùng để tạo một generator trong Python?\n\nA. []\n\nB. {}\n\nC. ()\n\nD. yield',NULL,120),(698,'C. Tuple',NULL,'',_binary '','Trong Python, kiểu dữ liệu nào dưới đây là bất biến (immutable)?\n\nA. List\n\nB. Dictionary\n\nC. Tuple\n\nD. Set',NULL,120),(699,'A. open()',NULL,'',_binary '','Câu lệnh nào dưới đây dùng để đọc dữ liệu từ một file trong Python?\n\nA. open()\n\nB. read()\n\nC. write()\n\nD. file()',NULL,120),(700,'A. staticmethod',NULL,'',_binary '','Trong Python, để định nghĩa một phương thức tĩnh trong lớp, ta sử dụng từ khóa nào?\n\nA. staticmethod\n\nB. classmethod\n\nC. def\n\nD. self',NULL,120),(701,'C. 6',NULL,'',_binary '','Kết quả của biểu thức lambda x: x + 1 khi gọi lambda(5) là gì?\n\nA. 4\n\nB. 5\n\nC. 6\n\nD. Lỗi',NULL,120),(702,'A. in',NULL,'',_binary '','Trong Python, hàm nào dưới đây được dùng để kiểm tra sự tồn tại của một khóa trong dictionary?\n\nA. in\n\nB. exists()\n\nC. has_key()\n\nD. key()',NULL,120),(703,'A. Thuộc tính (attribute)',NULL,'',_binary '','Khi dùng @property trong Python, bạn có thể biến một phương thức thành một:\n\nA. Thuộc tính (attribute)\n\nB. Hàm (function)\n\nC. Lớp (class)\n\nD. Biến toàn cục (global variable)',NULL,120),(704,'A. +',NULL,'',_binary '','Lệnh nào trong Python được sử dụng để kết nối các chuỗi?\n\nA. +\n\nB. &\n\nC. *\n\nD. .',NULL,120),(705,'A. dict(zip(keys, values))',NULL,'',_binary '','Trong Python, cách nào để tạo một dict từ hai danh sách keys và values?\n\nA. dict(zip(keys, values))\n\nB. keys(values)\n\nC. list(zip(keys, values))\n\nD. dict(keys, values)',NULL,120),(706,'dasd',NULL,'',_binary '','asd',NULL,121),(707,'wqe',NULL,'',_binary '','sad',NULL,121),(708,'dsf',NULL,'',_binary '','sdf',NULL,122),(709,'sdfdsf',NULL,'',_binary '','sdf',NULL,122),(710,'A. Leonardo da Vinci',NULL,'',_binary '','Who painted the Mona Lisa?\n\nA. Leonardo da Vinci\n\nB. Vincent van Gogh\n\nC. Pablo Picasso\n\nD. Claude Monet',NULL,123),(711,'B. Paris',NULL,'',_binary '','What is the capital city of France?\n\nA. Madrid\n\nB. Paris\n\nC. Rome\n\nD. Berlin',NULL,123),(712,'A. H₂O',NULL,'',_binary '','What is the chemical symbol for water?\n\nA. H₂O\n\nB. O₂\n\nC. CO₂\n\nD. NH₃',NULL,123),(713,'C. William Shakespeare',NULL,'',_binary '','Who wrote \"Hamlet\"?\n\nA. Charles Dickens\n\nB. Mark Twain\n\nC. William Shakespeare\n\nD. Jane Austen',NULL,123),(714,'C. Jupiter',NULL,'',_binary '','What is the largest planet in our solar system?\n\nA. Earth\n\nB. Venus\n\nC. Jupiter\n\nD. Mars',NULL,123),(715,'A. Hydrogen',NULL,'',_binary '','Which element has the atomic number 1?\n\nA. Hydrogen\n\nB. Helium\n\nC. Oxygen\n\nD. Carbon',NULL,123),(716,'A. Alexander Fleming',NULL,'',_binary '','Who discovered penicillin?\n\nA. Alexander Fleming\n\nB. Marie Curie\n\nC. Albert Einstein\n\nD. Isaac Newton',NULL,123),(717,'B. Nile River',NULL,'',_binary '','What is the longest river in the world?\n\nA. Amazon River\n\nB. Nile River\n\nC. Yangtze River\n\nD. Mississippi River',NULL,123),(718,'B. Charles Babbage',NULL,'',_binary '','Who is known as the \"Father of Computers\"?\n\nA. Alan Turing\n\nB. Charles Babbage\n\nC. Thomas Edison\n\nD. Steve Jobs',NULL,123),(719,'C. Cell',NULL,'',_binary '','What is the smallest unit of life?\n\nA. Atom\n\nB. Molecule\n\nC. Cell\n\nD. Organ',NULL,123),(720,'1/3',NULL,'',_binary '','What is the value of ∫01x2dx\\int_{0}^{1} x^2 dx∫01 x2dx? A. 1/2\n\nB. 1/3\n\nC. 1/4\n\nD. 1/6',NULL,124),(721,'11',NULL,'',_binary '','If f(x)=2x2+3x−5f(x) = 2x^2 + 3x - 5f(x)=2x2+3x−5, what is f(2)f(2)f(2)?\n\nA. 7\n\nB. 5\n\nC. 11\n\nD. 9',NULL,124),(722,'180°',NULL,'',_binary '','The sum of the angles in a triangle is:\n\nA. 90°\n\nB. 180°\n\nC. 270°\n\nD. 360°',NULL,124),(723,'Newton',NULL,'',_binary '','What is the unit of force in the SI system?\n\nA. Joule\n\nB. Newton\n\nC. Pascal\n\nD. Watt',NULL,125),(724,'Newton’s Third Law',NULL,'',_binary '','Which law states that \"for every action, there is an equal and opposite reaction\"?\n\nA. Newton’s First Law\n\nB. Newton’s Second Law\n\nC. Newton’s Third Law\n\nD. Law of Gravitation',NULL,125),(725,'It halves',NULL,'',_binary '','If the frequency of a wave is doubled, what happens to its wavelength (assuming constant speed)?\n\nA. It doubles\n\nB. It halves\n\nC. It remains constant\n\nD. It quadruples',NULL,125),(726,'8',NULL,'',_binary '','What is the atomic number of oxygen?\n\nA. 6\n\nB. 8\n\nC. 12\n\nD. 16',NULL,126),(727,'Nitrous Oxide',NULL,'',_binary '','Which gas is commonly known as laughing gas?\n\nA. Oxygen\n\nB. Nitrogen\n\nC. Nitrous Oxide\n\nD. Carbon Dioxide',NULL,126),(728,'7',NULL,'',_binary '','What is the pH of pure water?\n\nA. 5\n\nB. 7\n\nC. 9\n\nD. 10',NULL,126),(729,'Heart',NULL,'',_binary '','Which organ is responsible for pumping blood in the human body?\n\nA. Brain\n\nB. Liver\n\nC. Heart\n\nD. Lungs',NULL,127),(730,'Mitochondria',NULL,'',_binary '','What is the powerhouse of the cell?\n\nA. Nucleus\n\nB. Mitochondria\n\nC. Ribosome\n\nD. Endoplasmic Reticulum',NULL,127),(731,'Photosynthesis',NULL,'',_binary '','What is the process by which plants make food?\n\nA. Respiration\n\nB. Photosynthesis\n\nC. Digestion\n\nD. Fermentation',NULL,127),(732,'O(log⁡n)O(\\log n)O(logn)',NULL,'',_binary '','What is the time complexity of binary search?\n\nA. O(n)O(n)O(n)\n\nB. O(n2)O(n^2)O(n2)\n\nC. O(log⁡n)O(\\log n)O(logn)\n\nD. O(nlog⁡n)O(n \\log n)O(nlogn)',NULL,128),(733,'HTML',NULL,'',_binary '','Which of the following is not a programming language?\n\nA. Python\n\nB. Java\n\nC. HTML\n\nD. C++',NULL,128),(734,'HyperText Transfer Protocol',NULL,'',_binary '','What does \"HTTP\" stand for?\n\nA. HyperText Transfer Protocol\n\nB. High-Level Transfer Protocol\n\nC. Hyperlink Transfer Process\n\nD. Host Transfer Protocol',NULL,128),(735,'Gross Domestic Product',NULL,'',_binary '','What does GDP stand for?\n\nA. Gross Domestic Production\n\nB. Gross Domestic Product\n\nC. General Development Product\n\nD. General Domestic Production',NULL,129),(736,'Price and demand are inversely related.',NULL,'',_binary '','What is the law of demand?\n\nA. Price and demand are inversely related.\n\nB. Price and demand are directly proportional.\n\nC. Demand does not depend on price.\n\nD. Demand increases as supply decreases.',NULL,129),(737,'Monopoly',NULL,'',_binary '','Which market structure is characterized by a single seller?\n\nA. Perfect competition\n\nB. Oligopoly\n\nC. Monopoly\n\nD. Monopsony',NULL,129),(738,'2x2x2x',NULL,'',_binary '','What is the derivative of x2x^2x2?\n\nA. xxx\n\nB. 2x2x2x\n\nC. x3x^3x3\n\nD. 3x23x^23x2',NULL,130),(739,'8',NULL,'',_binary '','What is 64\\sqrt{64}64 ?\n\nA. 6\n\nB. 7\n\nC. 8\n\nD. 9',NULL,130),(740,'5',NULL,'',_binary '','Solve 2x+5=152x + 5 = 152x+5=15:\n\nA. 2\n\nB. 5\n\nC. 10\n\nD. None of the above',NULL,130),(741,'360°',NULL,'',_binary '','What is the sum of angles in a quadrilateral?\n\nA. 90°\n\nB. 180°\n\nC. 360°\n\nD. 720°',NULL,130),(742,'x2−4x^2 - 4x2−4',NULL,'',_binary '','Simplify (x+2)(x−2)(x + 2)(x - 2)(x+2)(x−2):\n\nA. x2−4x^2 - 4x2−4\n\nB. x2+4x^2 + 4x2+4\n\nC. x2−2x+4x^2 - 2x + 4x2−2x+4\n\nD. x2+2x−4x^2 + 2x - 4x2+2x−4',NULL,130),(743,'3',NULL,'',_binary '','What is log⁡10(1000)\\log_{10}(1000)log10 (1000)?\n\nA. 1\n\nB. 2\n\nC. 3\n\nD. 4',NULL,130),(744,'πr2\\pi r^2πr2',NULL,'',_binary '','What is the area of a circle with radius rrr?\n\nA. πr2\\pi r^2πr2\n\nB. 2πr2\\pi r2πr\n\nC. πr\\pi rπr\n\nD. r2r^2r2',NULL,130),(745,'5x−125x - 125x−12',NULL,'',_binary '','Simplify 3(x−4)+2x3(x - 4) + 2x3(x−4)+2x:\n\nA. 5x−125x - 125x−12\n\nB. 3x−123x - 123x−12\n\nC. 6x−126x - 126x−12\n\nD. 5x+125x + 125x+12',NULL,130),(746,'m/s',NULL,'',_binary '','What is the SI unit of velocity?\n\nA. m/s\n\nB. km/h\n\nC. m/s2^22\n\nD. N',NULL,131),(747,'9.8 m/s2^22',NULL,'',_binary '','What is the acceleration due to gravity on Earth?\n\nA. 9.8 m/s2^22\n\nB. 10 m/s2^22\n\nC. 8.9 m/s2^22\n\nD. 12 m/s2^22',NULL,131),(748,'12mv2\\frac{1}{2}mv^221 mv2',NULL,'',_binary '','What is the formula for kinetic energy?\n\nA. 12mv2\\frac{1}{2}mv^221 mv2\n\nB. mghmghmgh\n\nC. mvmvmv\n\nD. mamama',NULL,131),(749,'X-rays',NULL,'',_binary '','Which wave has the highest frequency?\n\nA. Radio waves\n\nB. X-rays\n\nC. Microwaves\n\nD. Infrared waves',NULL,131),(750,'Energy cannot be created or destroyed.',NULL,'',_binary '','What is the law of conservation of energy?\n\nA. Energy cannot be created or destroyed.\n\nB. Energy always decreases.\n\nC. Energy is always created.\n\nD. Energy is infinite.',NULL,131),(751,'Newton',NULL,'',_binary '','Who formulated the three laws of motion?\n\nA. Galileo\n\nB. Newton\n\nC. Einstein\n\nD. Bohr',NULL,131),(752,'Speed',NULL,'',_binary '','Which of the following is not a vector quantity?\n\nA. Force\n\nB. Velocity\n\nC. Speed\n\nD. Acceleration',NULL,131),(753,'Watt',NULL,'',_binary '','What is the unit of power?\n\nA. Joule\n\nB. Newton\n\nC. Watt\n\nD. Pascal',NULL,131),(754,'Continues moving',NULL,'',_binary '','What happens to a moving object with no external force?\n\nA. Stops\n\nB. Speeds up\n\nC. Continues moving\n\nD. Changes direction',NULL,131),(755,'V=IRV = IRV=IR',NULL,'',_binary '','What is the formula for Ohm’s law?\n\nA. V=IRV = IRV=IR\n\nB. P=VIP = VIP=VI\n\nC. I=R/VI = R/VI=R/V\n\nD. P=I2RP = I^2RP=I2R',NULL,131),(756,'High wavelength, low frequency',NULL,'',_binary '','What does the color red in the spectrum indicate?\n\nA. High wavelength, low frequency\n\nB. Low wavelength, high frequency\n\nC. High wavelength, high frequency\n\nD. Low wavelength, low frequency',NULL,131),(757,'Coulomb',NULL,'',_binary '','What is the unit of charge?\n\nA. Coulomb\n\nB. Joule\n\nC. Ampere\n\nD. Tesla',NULL,131),(758,'3×1083 \\times 10^83×108 m/s',NULL,'',_binary '','What is the speed of light in a vacuum?\n\nA. 3×1083 \\times 10^83×108 m/s\n\nB. 3×1063 \\times 10^63×106 m/s\n\nC. 3×1053 \\times 10^53×105 m/s\n\nD. 3×1073 \\times 10^73×107 m/s',NULL,131),(759,'0.5 A',NULL,'',_binary '','What is the current in a 10 ohm resistor connected to a 5V battery?\n\nA. 0.5 A\n\nB. 1 A\n\nC. 1.5 A\n\nD. 2 A',NULL,131),(760,'Jupiter\n\nESSAY',NULL,'',_binary '','Which planet has the strongest gravitational pull?\n\nA. Earth\n\nB. Jupiter\n\nC. Saturn\n\nD. Mars',NULL,131),(761,'It explains the concept of inertia and the behavior of objects in motion or at rest.',NULL,'',_binary '','Why is Newton’s first law important?',NULL,131),(762,'Na',NULL,'',_binary '','What is the chemical symbol for Sodium?\n\nA. Na\n\nB. So\n\nC. Sd\n\nD. Sn',NULL,132),(763,'7',NULL,'',_binary '','What is the pH of a neutral solution?\n\nA. 1\n\nB. 7\n\nC. 14\n\nD. 0',NULL,132),(764,'Oxygen',NULL,'',_binary '','Which gas is produced during photosynthesis?\n\nA. Carbon dioxide\n\nB. Oxygen\n\nC. Nitrogen\n\nD. Methane',NULL,132),(765,'H2_22 O',NULL,'',_binary '','What is the formula of water?\n\nA. H2_22 O\n\nB. CO2_22\n\nC. HCl\n\nD. NH3_33',NULL,132),(766,'Covalent',NULL,'',_binary '','Which type of bond involves sharing electrons?\n\nA. Ionic\n\nB. Covalent\n\nC. Metallic\n\nD. Hydrogen',NULL,132),(767,'1',NULL,'',_binary '','What is the atomic number of Hydrogen?\n\nA. 1\n\nB. 2\n\nC. 3\n\nD. 4',NULL,132),(768,'Methane',NULL,'',_binary '','What is the main component of natural gas?\n\nA. Methane\n\nB. Ethane\n\nC. Propane\n\nD. Butane',NULL,132),(769,'32 g/mol',NULL,'',_binary '','What is the molar mass of Oxygen (O2_22 )?\n\nA. 16 g/mol\n\nB. 32 g/mol\n\nC. 8 g/mol\n\nD. 24 g/mol',NULL,132),(770,'Hydrochloric acid',NULL,'',_binary '','What is the common name for HCl?\n\nA. Hydrochloric acid\n\nB. Sulfuric acid\n\nC. Nitric acid\n\nD. Acetic acid',NULL,132),(771,'Synthesis',NULL,'',_binary '','What type of reaction is 2H2+O2→2H2O2H_2 + O_2 \\to 2H_2O2H2 +O2 →2H2 O?\n\nA. Combustion\n\nB. Synthesis\n\nC. Decomposition\n\nD. Single replacement',NULL,132),(772,'Negative',NULL,'',_binary '','What is the charge of an electron?\n\nA. Positive\n\nB. Negative\n\nC. Neutral\n\nD. Depends on the atom',NULL,132),(773,'Sublimation',NULL,'',_binary '','What is the process of solid changing directly into gas called?\n\nA. Evaporation\n\nB. Sublimation\n\nC. Condensation\n\nD. Freezing',NULL,132),(774,'Helium',NULL,'',_binary '','Which element is a noble gas?\n\nA. Nitrogen\n\nB. Oxygen\n\nC. Helium\n\nD. Hydrogen',NULL,132),(775,'Acidic',NULL,'',_binary '','What is the term for a solution with pH < 7?\n\nA. Basic\n\nB. Neutral\n\nC. Acidic\n\nD. None of the above',NULL,132),(776,'Carbon\n\nESSAY',NULL,'',_binary '','What is the main element in organic compounds?\n\nA. Hydrogen\n\nB. Oxygen\n\nC. Nitrogen\n\nD. Carbon',NULL,132),(777,'It organizes elements by properties and helps predict chemical behaviors.',NULL,'',_binary '','Why is the periodic table important in chemistry?',NULL,132),(778,'Mitochondria',NULL,'',_binary '','What is the powerhouse of the cell?\n\nA. Nucleus\n\nB. Mitochondria\n\nC. Ribosome\n\nD. Golgi apparatus',NULL,133),(779,'Heart',NULL,'',_binary '','What organ is responsible for pumping blood?\n\nA. Lungs\n\nB. Liver\n\nC. Stomach\n\nD. Heart',NULL,133),(780,'Photosynthesis',NULL,'',_binary '','What is the process of making food in plants called?\n\nA. Respiration\n\nB. Photosynthesis\n\nC. Digestion\n\nD. Fermentation',NULL,133),(781,'Carbohydrate',NULL,'',_binary '','Which macromolecule is the main source of energy?\n\nA. Protein\n\nB. Lipid\n\nC. Carbohydrate\n\nD. Nucleic acid',NULL,133),(782,'Cell',NULL,'',_binary '','What is the basic unit of life?\n\nA. Atom\n\nB. Cell\n\nC. Tissue\n\nD. Organ',NULL,133),(783,'Skin',NULL,'',_binary '','What is the largest organ in the human body?\n\nA. Brain\n\nB. Heart\n\nC. Skin\n\nD. Liver',NULL,133),(784,'O',NULL,'',_binary '','What blood type is known as the universal donor?\n\nA. A\n\nB. B\n\nC. AB\n\nD. O',NULL,133),(785,'Cerebellum',NULL,'',_binary '','Which part of the brain controls balance?\n\nA. Cerebrum\n\nB. Cerebellum\n\nC. Brainstem\n\nD. Hypothalamus',NULL,133),(786,'Red blood cells',NULL,'',_binary '','What carries oxygen in the blood?\n\nA. White blood cells\n\nB. Platelets\n\nC. Plasma\n\nD. Red blood cells',NULL,133),(787,'DNA',NULL,'',_binary '','What is the genetic material in cells?\n\nA. RNA\n\nB. DNA\n\nC. Protein\n\nD. Lipid',NULL,133),(788,'Synthesize proteins',NULL,'',_binary '','What is the function of the ribosome?\n\nA. Produce energy\n\nB. Synthesize proteins\n\nC. Transport materials\n\nD. Store genetic information',NULL,133),(789,'Herbivores',NULL,'',_binary '','What is the term for animals that eat only plants?\n\nA. Carnivores\n\nB. Herbivores\n\nC. Omnivores\n\nD. Detritivores',NULL,133),(790,'Absorb sunlight',NULL,'',_binary '','What is the function of chlorophyll?\n\nA. Absorb water\n\nB. Absorb sunlight\n\nC. Store nutrients\n\nD. Support structure',NULL,133),(791,'Transpiration',NULL,'',_binary '','What is the process of water movement in plants called?\n\nA. Osmosis\n\nB. Transpiration\n\nC. Photosynthesis\n\nD. Respiration',NULL,133),(792,'Kidney\n\nESSAY',NULL,'',_binary '','Which organ filters waste from the blood?\n\nA. Liver\n\nB. Kidney\n\nC. Heart\n\nD. Lungs',NULL,133),(793,'It stores genetic instructions for growth, reproduction, and functioning.',NULL,'',_binary '','Why is DNA important?',NULL,133),(794,'George Washington',NULL,'',_binary '','Who was the first President of the United States?\n\nA. Abraham Lincoln\n\nB. George Washington\n\nC. Thomas Jefferson\n\nD. John Adams',NULL,134),(795,'1945',NULL,'',_binary '','When did World War II end?\n\nA. 1939\n\nB. 1941\n\nC. 1945\n\nD. 1948',NULL,134),(796,'Ideological conflict',NULL,'',_binary '','What was the main cause of the Cold War?\n\nA. Religion\n\nB. Ideological conflict\n\nC. Trade disputes\n\nD. Colonialism',NULL,134),(797,'Christopher Columbus',NULL,'',_binary '','Who discovered America?\n\nA. Christopher Columbus\n\nB. Vasco da Gama\n\nC. Ferdinand Magellan\n\nD. Marco Polo',NULL,134),(798,'Defense',NULL,'',_binary '','What was the primary purpose of the Great Wall of China?\n\nA. Trade\n\nB. Agriculture\n\nC. Defense\n\nD. Communication',NULL,134),(799,'1776',NULL,'',_binary '','When was the Declaration of Independence signed?\n\nA. 1775\n\nB. 1776\n\nC. 1781\n\nD. 1789',NULL,134),(800,'Karl Marx',NULL,'',_binary '','Who wrote the Communist Manifesto?\n\nA. Adam Smith\n\nB. Karl Marx\n\nC. John Locke\n\nD. Thomas Hobbes',NULL,134),(801,'1989',NULL,'',_binary '','What year did the Berlin Wall fall?\n\nA. 1985\n\nB. 1987\n\nC. 1989\n\nD. 1991',NULL,134),(802,'A cultural revival',NULL,'',_binary '','What was the Renaissance?\n\nA. A religious movement\n\nB. A cultural revival\n\nC. A military revolution\n\nD. A scientific discovery',NULL,134),(803,'Adolf Hitler',NULL,'',_binary '','Who was the leader of Nazi Germany?\n\nA. Joseph Stalin\n\nB. Winston Churchill\n\nC. Adolf Hitler\n\nD. Benito Mussolini',NULL,134),(804,'The assassination of Archduke Franz Ferdinand',NULL,'',_binary '','What event started World War I?\n\nA. The assassination of Archduke Franz Ferdinand\n\nB. The Treaty of Versailles\n\nC. The invasion of Poland\n\nD. The bombing of Pearl Harbor',NULL,134),(805,'Augustus',NULL,'',_binary '','Who was the first Roman Emperor?\n\nA. Julius Caesar\n\nB. Augustus\n\nC. Nero\n\nD. Tiberius',NULL,134),(806,'A network of trade routes',NULL,'',_binary '','What was the Silk Road?\n\nA. A network of trade routes\n\nB. A military pathway\n\nC. A religious journey\n\nD. A cultural center',NULL,134),(807,'France',NULL,'',_binary '','What country was Napoleon Bonaparte from?\n\nA. England\n\nB. Spain\n\nC. France\n\nD. Italy',NULL,134),(808,'1945\n\nESSAY',NULL,'',_binary '','What year did the United Nations form?\n\nA. 1919\n\nB. 1945\n\nC. 1950\n\nD. 1961',NULL,134),(809,'It helps us understand past events, avoid mistakes, and shape a better future.',NULL,'',_binary '','Why is studying history important?',NULL,134),(810,'Asia',NULL,'',_binary '','What is the largest continent in the world?\n\nA. Africa\n\nB. Asia\n\nC. Europe\n\nD. South America',NULL,135),(811,'Nile',NULL,'',_binary '','What is the longest river in the world?\n\nA. Amazon\n\nB. Nile\n\nC. Yangtze\n\nD. Mississippi',NULL,135),(812,'Pacific',NULL,'',_binary '','Which ocean is the deepest?\n\nA. Atlantic\n\nB. Indian\n\nC. Arctic\n\nD. Pacific',NULL,135),(813,'Canberra',NULL,'',_binary '','What is the capital of Australia?\n\nA. Sydney\n\nB. Melbourne\n\nC. Canberra\n\nD. Perth',NULL,135),(814,'Sahara',NULL,'',_binary '','What is the largest desert in the world?\n\nA. Sahara\n\nB. Gobi\n\nC. Kalahari\n\nD. Arctic',NULL,135),(815,'China',NULL,'',_binary '','Which country has the largest population?\n\nA. India\n\nB. China\n\nC. USA\n\nD. Indonesia',NULL,135),(816,'Mount Everest',NULL,'',_binary '','Which mountain is the highest in the world?\n\nA. K2\n\nB. Mount Everest\n\nC. Kilimanjaro\n\nD. Denali',NULL,135),(817,'Equator',NULL,'',_binary '','Which line divides the Earth into northern and southern hemispheres?\n\nA. Tropic of Cancer\n\nB. Tropic of Capricorn\n\nC. Equator\n\nD. Prime Meridian',NULL,135),(818,'Vatican City',NULL,'',_binary '','What is the smallest country in the world?\n\nA. Monaco\n\nB. Vatican City\n\nC. Liechtenstein\n\nD. San Marino',NULL,135),(819,'Tokyo',NULL,'',_binary '','What is the capital of Japan?\n\nA. Osaka\n\nB. Kyoto\n\nC. Tokyo\n\nD. Hiroshima',NULL,135),(820,'Japan',NULL,'',_binary '','Which country is known as the Land of the Rising Sun?\n\nA. China\n\nB. Japan\n\nC. Korea\n\nD. Thailand',NULL,135),(821,'Pound Sterling',NULL,'',_binary '','What is the currency of the United Kingdom?\n\nA. Euro\n\nB. Pound Sterling\n\nC. Dollar\n\nD. Franc',NULL,135),(822,'Brazil',NULL,'',_binary '','Which country does the Amazon rainforest mainly lie in?\n\nA. Peru\n\nB. Colombia\n\nC. Brazil\n\nD. Venezuela',NULL,135),(823,'Antarctica',NULL,'',_binary '','Which continent has no permanent residents?\n\nA. Australia\n\nB. Antarctica\n\nC. Europe\n\nD. Africa',NULL,135),(824,'Arctic\n\nESSAY',NULL,'',_binary '','What is the smallest ocean in the world?\n\nA. Atlantic\n\nB. Indian\n\nC. Arctic\n\nD. Pacific',NULL,135),(825,'It helps us understand Earth\'s landscapes, resources, and human-environment interactions.',NULL,'',_binary '','Why is the study of geography important?',NULL,135),(826,'William Shakespeare',NULL,'',_binary '','Who wrote \"Romeo and Juliet\"?\n\nA. Charles Dickens\n\nB. William Shakespeare\n\nC. Jane Austen\n\nD. Mark Twain',NULL,136),(827,'Totalitarianism',NULL,'',_binary '','What is the main theme of \"1984\" by George Orwell?\n\nA. Freedom\n\nB. Totalitarianism\n\nC. Love\n\nD. War',NULL,136),(828,'Romance',NULL,'',_binary '','What is the genre of \"Pride and Prejudice\"?\n\nA. Science Fiction\n\nB. Historical Fiction\n\nC. Romance\n\nD. Thriller',NULL,136),(829,'F. Scott Fitzgerald',NULL,'',_binary '','Who is the author of \"The Great Gatsby\"?\n\nA. Ernest Hemingway\n\nB. F. Scott Fitzgerald\n\nC. John Steinbeck\n\nD. Harper Lee',NULL,136),(830,'Personification',NULL,'',_binary '','What is the poetic device where non-human objects are given human traits?\n\nA. Simile\n\nB. Metaphor\n\nC. Personification\n\nD. Hyperbole',NULL,136),(831,'ABAB CDCD EFEF GG',NULL,'',_binary '','What is the rhyme scheme of a Shakespearean sonnet?\n\nA. ABAB CDCD EFEF GG\n\nB. AABB CCDD EEFF GG\n\nC. ABBA CDDC EFFE GG\n\nD. AAAA BBBB CCCC DD',NULL,136),(832,'Maycomb, Alabama',NULL,'',_binary '','What is the setting of \"To Kill a Mockingbird\"?\n\nA. Maycomb, Alabama\n\nB. New York City\n\nC. London, England\n\nD. Chicago, Illinois',NULL,136),(833,'J.D. Salinger',NULL,'',_binary '','Who wrote \"The Catcher in the Rye\"?\n\nA. J.D. Salinger\n\nB. F. Scott Fitzgerald\n\nC. Mark Twain\n\nD. J.R.R. Tolkien',NULL,136),(834,'\"Moby Dick\"',NULL,'',_binary '','Which novel begins with \"Call me Ishmael\"?\n\nA. \"Moby Dick\"\n\nB. \"The Great Gatsby\"\n\nC. \"Of Mice and Men\"\n\nD. \"Wuthering Heights\"',NULL,136),(835,'Charlotte Brontë',NULL,'',_binary '','Who wrote \"Jane Eyre\"?\n\nA. Emily Brontë\n\nB. Charlotte Brontë\n\nC. Anne Brontë\n\nD. Jane Austen',NULL,136),(836,'Freedom vs. Tyranny',NULL,'',_binary '','What is the main conflict in \"Animal Farm\"?\n\nA. Humans vs. Animals\n\nB. Animals vs. Animals\n\nC. Rich vs. Poor\n\nD. Freedom vs. Tyranny',NULL,136),(837,'First Person',NULL,'',_binary '','What is the point of view in \"The Catcher in the Rye\"?\n\nA. First Person\n\nB. Second Person\n\nC. Third Person Limited\n\nD. Third Person Omniscient',NULL,136),(838,'Edgar Allan Poe',NULL,'',_binary '','Who wrote the poem \"The Raven\"?\n\nA. Robert Frost\n\nB. Edgar Allan Poe\n\nC. Walt Whitman\n\nD. Emily Dickinson',NULL,136),(839,'Choices',NULL,'',_binary '','What is the main theme of \"The Road Not Taken\"?\n\nA. Love\n\nB. Choices\n\nC. Nature\n\nD. Conflict',NULL,136),(840,'Homer\n\nESSAY',NULL,'',_binary '','Who wrote \"The Odyssey\"?\n\nA. Homer\n\nB. Virgil\n\nC. Sophocles\n\nD. Plato',NULL,136),(841,'His works explore universal themes, innovative language, and deep character insights.',NULL,'',_binary '','Why is Shakespeare considered important in literature?',NULL,136),(842,'Gross Domestic Product',NULL,'',_binary '','What does GDP stand for?\n\nA. Gross Domestic Production\n\nB. Gross Domestic Product\n\nC. General Development Plan\n\nD. Government Domestic Product',NULL,137),(843,'Price decreases lead to demand increases.',NULL,'',_binary '','What is the law of demand?\n\nA. Price increases lead to demand increases.\n\nB. Price decreases lead to demand increases.\n\nC. Price has no impact on demand.\n\nD. Demand always stays constant.',NULL,137),(844,'Yen',NULL,'',_binary '','What is the currency used in Japan?\n\nA. Yen\n\nB. Dollar\n\nC. Won\n\nD. Peso',NULL,137),(845,'Monopoly',NULL,'',_binary '','What type of market has only one seller?\n\nA. Monopoly\n\nB. Oligopoly\n\nC. Perfect Competition\n\nD. Monopsony',NULL,137),(846,'A rise in the overall price level',NULL,'',_binary '','What is inflation?\n\nA. A decrease in money supply\n\nB. A rise in the overall price level\n\nC. A decrease in unemployment\n\nD. A rise in GDP',NULL,137),(847,'Expenses exceed revenue',NULL,'',_binary '','What is a budget deficit?\n\nA. Expenses exceed revenue\n\nB. Revenue exceeds expenses\n\nC. Balanced revenue and expenses\n\nD. High national debt',NULL,137),(848,'Fund government operations',NULL,'',_binary '','What is the purpose of taxation?\n\nA. Increase inflation\n\nB. Fund government operations\n\nC. Decrease money supply\n\nD. Reduce employment',NULL,137),(849,'A period of economic decline',NULL,'',_binary '','What is an economic recession?\n\nA. Economic growth stops\n\nB. A period of economic decline\n\nC. Inflation rises rapidly\n\nD. Unemployment reaches 0%',NULL,137),(850,'Profit maximization',NULL,'',_binary '','What is the primary goal of a free market economy?\n\nA. Equality\n\nB. Profit maximization\n\nC. Government control\n\nD. Welfare distribution',NULL,137),(851,'Cost of the best alternative forgone',NULL,'',_binary '','What is opportunity cost?\n\nA. Cost of the best alternative forgone\n\nB. The actual money spent\n\nC. Total cost of production\n\nD. Cost without any alternative',NULL,137),(852,'Price of borrowing money',NULL,'',_binary '','What is the interest rate?\n\nA. Price of borrowing money\n\nB. Tax rate on savings\n\nC. Value of goods in a market\n\nD. Cost of labor',NULL,137),(853,'A struggling economy',NULL,'',_binary '','What does a high unemployment rate indicate?\n\nA. An efficient economy\n\nB. A struggling economy\n\nC. High inflation\n\nD. High productivity',NULL,137),(854,'Both private and government control',NULL,'',_binary '','What is the main feature of a mixed economy?\n\nA. Only private businesses\n\nB. Only government control\n\nC. Both private and government control\n\nD. No regulation at all',NULL,137),(855,'Exports exceed imports',NULL,'',_binary '','What is a trade surplus?\n\nA. Exports exceed imports\n\nB. Imports exceed exports\n\nC. Equal exports and imports\n\nD. High taxes on exports',NULL,137),(856,'Print money and regulate interest rates\n\nESSAY',NULL,'',_binary '','What is the role of central banks?\n\nA. Print money and regulate interest rates\n\nB. Collect taxes\n\nC. Distribute welfare\n\nD. Control foreign trade',NULL,137),(857,'It ensures stable prices, boosts investor confidence, and maintains purchasing power.',NULL,'',_binary '','Why is inflation control important for an economy?',NULL,137),(858,'Fast',NULL,'',_binary '','What is a synonym for \"quick\"?\n\nA. Fast\n\nB. Slow\n\nC. Lazy\n\nD. Heavy',NULL,138),(859,'Kind and generous',NULL,'',_binary '','What does \"benevolent\" mean?\n\nA. Kind and generous\n\nB. Malevolent\n\nC. Stingy\n\nD. Indifferent',NULL,138),(860,'Elated',NULL,'',_binary '','Which word means the same as \"happy\"?\n\nA. Sad\n\nB. Elated\n\nC. Depressed\n\nD. Miserable',NULL,138),(861,'Something no longer in use',NULL,'',_binary '','What does \"obsolete\" refer to?\n\nA. Something old but still in use\n\nB. Something modern\n\nC. Something no longer in use\n\nD. Something frequently used',NULL,138),(862,'Cowardly',NULL,'',_binary '','Which word describes someone who is not brave?\n\nA. Cowardly\n\nB. Heroic\n\nC. Courageous\n\nD. Bold',NULL,138),(863,'Precise and very careful',NULL,'',_binary '','What is the meaning of \"meticulous\"?\n\nA. Careless\n\nB. Precise and very careful\n\nC. Quick\n\nD. Untidy',NULL,138),(864,'Mysterious',NULL,'',_binary '','What does \"enigmatic\" mean?\n\nA. Clear\n\nB. Mysterious\n\nC. Joyful\n\nD. Sorrowful',NULL,138),(865,'Exacerbate',NULL,'',_binary '','Which word refers to making something worse?\n\nA. Alleviate\n\nB. Exacerbate\n\nC. Mitigate\n\nD. Rectify',NULL,138),(866,'Native to a certain area',NULL,'',_binary '','What does \"indigenous\" mean?\n\nA. From far away\n\nB. Native to a certain area\n\nC. Foreign\n\nD. General',NULL,138),(867,'Ostentatious',NULL,'',_binary '','Which word describes an unnecessary display of wealth, goods, or possessions?\n\nA. Poverty\n\nB. Ostentatious\n\nC. Modest\n\nD. Thrifty',NULL,138),(868,'山',NULL,'https://firebasestorage.googleapis.com/v0/b/fir-1-a1ff1.firebasestorage.app/o/images%2F1735441190047-f15459ba-ed82-40dd-90e8-f1bc66991dfb.png?alt=media&token=2d953f61-1ed4-4eef-8248-474513d90c08',_binary '','日本語で「山」の意味は何ですか？ A. 川\n\nB. 海\n\nC. 木\n\nD. 山',NULL,139),(869,'電子書籍',NULL,'https://firebasestorage.googleapis.com/v0/b/fir-1-a1ff1.firebasestorage.app/o/images%2F1735441192227-1ee377a4-6d7c-4f5e-a5e5-84979da500a2.png?alt=media&token=d38a47a3-ff21-403e-bef2-3f1472079532',_binary '','「本」の対義語は何ですか？ A. 雑誌\n\nB. 新聞\n\nC. ノート\n\nD. 電子書籍',NULL,139),(870,'早い',NULL,'https://firebasestorage.googleapis.com/v0/b/fir-1-a1ff1.firebasestorage.app/o/images%2F1735441193117-2ca5a7c6-1b4a-4d64-a5f6-61c456abe9a8.png?alt=media&token=25d2b658-fda3-489a-81ff-e151d8c98a37',_binary '','「速い」の類義語は何ですか？ A. 早い\n\nB. 遅い\n\nC. 軽い\n\nD. 重い',NULL,139),(871,'Student',NULL,'https://firebasestorage.googleapis.com/v0/b/fir-1-a1ff1.firebasestorage.app/o/images%2F1735441196271-5a6e6f5c-65b4-461b-b299-c907ed7690dc.png?alt=media&token=30670ae3-ec52-42d7-8e48-7bf194eef799',_binary '','「学生」は英語で何と言いますか？ A. Teacher\n\nB. Student\n\nC. School\n\nD. Study',NULL,139),(872,'吐く',NULL,'https://firebasestorage.googleapis.com/v0/b/fir-1-a1ff1.firebasestorage.app/o/images%2F1735441197404-78d8cf4b-7a0b-4737-9546-25e77b99fdc9.png?alt=media&token=918a6f61-b749-4207-b7eb-deb65371b117',_binary '','「食べる」の反対は何ですか？ A. 吐く\n\nB. 飲む\n\nC. 寝る\n\nD. 起きる',NULL,139),(873,'冷',NULL,'https://firebasestorage.googleapis.com/v0/b/fir-1-a1ff1.firebasestorage.app/o/images%2F1735441198922-546e68b8-478c-433f-9be4-09545626fb0f.png?alt=media&token=0ff7feaf-8ce8-4fd6-9070-6927c4ac861a',_binary '','「冷たい」を表す漢字はどれですか？ A. 暖\n\nB. 温\n\nC. 寒\n\nD. 冷',NULL,139),(874,'暗い',NULL,'',_binary '','「明るい」の反対語は何ですか？ A. 暗い\n\nB. 静か\n\nC. 明るい\n\nD. 軽い',NULL,139),(875,'ありがとうございます',NULL,'https://firebasestorage.googleapis.com/v0/b/fir-1-a1ff1.firebasestorage.app/o/images%2F1735441199953-e68429aa-bf8c-4213-8b6b-c7725c1b5912.png?alt=media&token=293adc80-e949-4cda-9b2e-cfc6c1f22468',_binary '','「ありがとう」の丁寧な形は何ですか？ A. どういたしまして\n\nB. ありがとう\n\nC. ありがとうございます\n\nD. お願いします',NULL,139),(876,'学校',NULL,'https://firebasestorage.googleapis.com/v0/b/fir-1-a1ff1.firebasestorage.app/o/images%2F1735441200822-39834506-7ccf-4e33-b6be-67637c374c16.png?alt=media&token=b68e281e-743d-438a-a6ea-f267f0067440',_binary '','「先生」が教える場所はどこですか？ A. 学校\n\nB. 病院\n\nC. 会社\n\nD. 店',NULL,139),(877,'支払う',NULL,'https://firebasestorage.googleapis.com/v0/b/fir-1-a1ff1.firebasestorage.app/o/images%2F1735441203048-70d2358e-f175-44b2-906d-3e0c57612f46.png?alt=media&token=16a939dc-e64f-40be-9863-cec272471d74',_binary '','「お金」に関連する動詞は何ですか？ A. 食べる\n\nB. 走る\n\nC. 支払う\n\nD. 踊る',NULL,139);
/*!40000 ALTER TABLE `flashcards` ENABLE KEYS */;
UNLOCK TABLES;

--
-- Table structure for table `folders`
--

DROP TABLE IF EXISTS `folders`;
/*!40101 SET @saved_cs_client     = @@character_set_client */;
/*!50503 SET character_set_client = utf8mb4 */;
CREATE TABLE `folders` (
  `folder_id` bigint NOT NULL AUTO_INCREMENT,
  `created_at` datetime(6) NOT NULL,
  `title` varchar(100) NOT NULL,
  `updated_at` datetime(6) DEFAULT NULL,
  `user_id` bigint NOT NULL,
  PRIMARY KEY (`folder_id`),
  KEY `idx_folder_title_fulltext` (`title`),
  KEY `FKi0v0pse2x1ew5ybvf75ueyimb_cascade` (`user_id`),
  FULLTEXT KEY `title` (`title`),
  CONSTRAINT `FKi0v0pse2x1ew5ybvf75ueyimb_cascade` FOREIGN KEY (`user_id`) REFERENCES `app_users` (`user_id`) ON DELETE CASCADE
) ENGINE=InnoDB AUTO_INCREMENT=28 DEFAULT CHARSET=utf8mb4 COLLATE=utf8mb4_0900_ai_ci;
/*!40101 SET character_set_client = @saved_cs_client */;

--
-- Dumping data for table `folders`
--

LOCK TABLES `folders` WRITE;
/*!40000 ALTER TABLE `folders` DISABLE KEYS */;
INSERT INTO `folders` VALUES (2,'2024-12-03 15:12:53.000000','123 nguyen123','2024-12-10 17:32:49.000000',32),(11,'2024-12-04 00:44:10.000000','123','2024-12-04 00:44:10.000000',32),(13,'2024-12-06 02:25:59.000000','123','2024-12-06 02:25:59.000000',34),(14,'2024-12-06 16:27:17.000000','Kien','2024-12-06 16:27:17.000000',34),(16,'2024-12-06 23:45:59.000000','abcccccccccccccccccccccccccccccc','2024-12-06 23:45:59.000000',36),(22,'2024-12-10 17:29:59.000000','Nhi','2024-12-10 17:32:58.000000',32),(23,'2024-12-28 20:41:19.000000','vnbvn','2024-12-28 20:41:19.000000',39),(25,'2024-12-29 09:53:55.000000','Toán cao cấp ','2024-12-29 09:53:55.000000',34),(26,'2024-12-29 09:54:05.000000','Học hè','2024-12-29 09:54:05.000000',34),(27,'2024-12-29 09:54:33.000000','CMU kỳ 2','2024-12-29 09:54:33.000000',34);
/*!40000 ALTER TABLE `folders` ENABLE KEYS */;
UNLOCK TABLES;

--
-- Table structure for table `imported_set`
--

DROP TABLE IF EXISTS `imported_set`;
/*!40101 SET @saved_cs_client     = @@character_set_client */;
/*!50503 SET character_set_client = utf8mb4 */;
CREATE TABLE `imported_set` (
  `imported_set_id` bigint NOT NULL AUTO_INCREMENT,
  `content_file` text NOT NULL,
  `user_id` bigint NOT NULL,
  `set_id` bigint NOT NULL,
  PRIMARY KEY (`imported_set_id`),
  KEY `FK260ia4nxgmmwhmd2jv2j3j23l_cascade` (`set_id`),
  KEY `FKs4ns6u9jgv9kh6rplqq52ewr1_cascade` (`user_id`),
  CONSTRAINT `FK260ia4nxgmmwhmd2jv2j3j23l_cascade` FOREIGN KEY (`set_id`) REFERENCES `set_flashcards` (`set_id`) ON DELETE CASCADE,
  CONSTRAINT `FKs4ns6u9jgv9kh6rplqq52ewr1_cascade` FOREIGN KEY (`user_id`) REFERENCES `app_users` (`user_id`) ON DELETE CASCADE
) ENGINE=InnoDB DEFAULT CHARSET=utf8mb4 COLLATE=utf8mb4_0900_ai_ci;
/*!40101 SET character_set_client = @saved_cs_client */;

--
-- Dumping data for table `imported_set`
--

LOCK TABLES `imported_set` WRITE;
/*!40000 ALTER TABLE `imported_set` DISABLE KEYS */;
/*!40000 ALTER TABLE `imported_set` ENABLE KEYS */;
UNLOCK TABLES;

--
-- Table structure for table `ka_answers`
--

DROP TABLE IF EXISTS `ka_answers`;
/*!40101 SET @saved_cs_client     = @@character_set_client */;
/*!50503 SET character_set_client = utf8mb4 */;
CREATE TABLE `ka_answers` (
  `ka_answer_id` bigint NOT NULL AUTO_INCREMENT,
  `answer_id` bigint DEFAULT NULL,
  `completion_time` decimal(38,2) DEFAULT NULL,
  `is_correct` bit(1) DEFAULT NULL,
  `user_id` bigint NOT NULL,
  `ka_question_id` bigint NOT NULL,
  PRIMARY KEY (`ka_answer_id`),
  KEY `FKbiqsemtw3uw28xxsy8j8rosyu_cascade` (`ka_question_id`),
  KEY `FKkgy28o94nutk26vjsr2o5obhh_cascade` (`user_id`),
  CONSTRAINT `FKbiqsemtw3uw28xxsy8j8rosyu_cascade` FOREIGN KEY (`ka_question_id`) REFERENCES `ka_questions` (`id`) ON DELETE CASCADE,
  CONSTRAINT `FKkgy28o94nutk26vjsr2o5obhh_cascade` FOREIGN KEY (`user_id`) REFERENCES `ka_players` (`id`) ON DELETE CASCADE
) ENGINE=InnoDB AUTO_INCREMENT=169 DEFAULT CHARSET=utf8mb4 COLLATE=utf8mb4_0900_ai_ci;
/*!40101 SET character_set_client = @saved_cs_client */;

--
-- Dumping data for table `ka_answers`
--

LOCK TABLES `ka_answers` WRITE;
/*!40000 ALTER TABLE `ka_answers` DISABLE KEYS */;
INSERT INTO `ka_answers` VALUES (35,105,1105.60,_binary '\0',14,105),(36,106,703.20,_binary '\0',14,106),(37,107,756.30,_binary '\0',14,107),(38,108,1566.30,_binary '\0',16,108),(39,108,1145223.80,_binary '\0',17,108),(40,109,4769.70,_binary '\0',16,109),(41,111,1078.60,_binary '\0',18,111),(42,111,2112.00,_binary '\0',19,111),(43,112,1280.50,_binary '\0',18,112),(44,112,2312.70,_binary '\0',19,112),(45,113,879.00,_binary '',18,113),(46,113,1615.30,_binary '\0',19,113),(47,114,1344.00,_binary '\0',18,114),(48,114,1928.10,_binary '\0',19,114),(49,115,2097.90,_binary '\0',18,115),(50,115,2969.70,_binary '',19,115),(51,116,2697.30,_binary '\0',20,116),(52,117,4156.30,_binary '',20,117),(53,118,1828.90,_binary '',21,118),(54,118,3412.40,_binary '',20,118),(55,119,3383.80,_binary '\0',20,119),(56,119,4163.20,_binary '',21,119),(57,120,3726.50,_binary '',20,120),(58,120,4301.80,_binary '\0',21,120),(59,124,36624.10,_binary '\0',25,124),(60,126,41528.30,_binary '',25,126),(61,124,5031.60,_binary '\0',25,124),(62,127,34638.50,_binary '\0',27,127),(63,130,2752.20,_binary '',28,130),(64,131,3489.30,_binary '',28,131),(65,132,2901.20,_binary '',29,132),(66,133,4188.80,_binary '',31,133),(67,134,2131.00,_binary '',31,134),(68,135,2323.50,_binary '',30,135),(69,136,1978.40,_binary '',32,136),(70,136,2939.50,_binary '\0',33,136),(71,136,4699.60,_binary '',34,136),(72,137,2925.50,_binary '',32,137),(73,138,2904.40,_binary '',32,138),(74,138,3792.20,_binary '\0',33,138),(75,138,4952.20,_binary '\0',34,138),(76,140,4727.00,_binary '\0',35,140),(77,141,1911.00,_binary '',35,141),(78,141,2782.70,_binary '',37,141),(79,141,4910.80,_binary '\0',36,141),(80,142,1513.00,_binary '\0',38,142),(81,142,2448.00,_binary '',39,142),(82,143,1409.50,_binary '\0',38,143),(83,143,2401.10,_binary '\0',39,143),(84,144,1162.40,_binary '\0',38,144),(85,144,2010.40,_binary '\0',39,144),(86,145,1032.50,_binary '\0',38,145),(87,145,2112.30,_binary '\0',39,145),(88,146,1013.10,_binary '',38,146),(89,146,1817.20,_binary '\0',39,146),(90,157,1207.10,_binary '\0',44,157),(91,157,2259.50,_binary '',45,157),(92,158,1816.10,_binary '\0',44,158),(93,158,2655.80,_binary '\0',45,158),(94,159,1351.80,_binary '\0',44,159),(95,159,2216.60,_binary '\0',45,159),(96,160,1062.50,_binary '\0',44,160),(97,160,1783.10,_binary '',45,160),(98,161,1554.90,_binary '\0',44,161),(99,161,2362.60,_binary '\0',45,161),(100,162,2105.50,_binary '\0',47,162),(101,162,3064.20,_binary '',46,162),(102,163,1902.00,_binary '',47,163),(103,163,2893.50,_binary '\0',46,163),(104,164,796.20,_binary '\0',47,164),(105,164,1954.00,_binary '\0',46,164),(106,165,1163.10,_binary '\0',49,165),(107,165,2008.90,_binary '',48,165),(108,166,958.40,_binary '',49,166),(109,166,1631.80,_binary '\0',48,166),(110,167,656.50,_binary '\0',49,167),(111,167,1679.40,_binary '\0',48,167),(112,168,1184.90,_binary '\0',50,168),(113,168,2145.30,_binary '\0',51,168),(114,169,656.50,_binary '',50,169),(115,169,1375.50,_binary '\0',51,169),(116,170,1717.00,_binary '\0',52,170),(117,170,2916.00,_binary '',53,170),(118,171,1226.60,_binary '\0',52,171),(119,171,3226.00,_binary '',53,171),(120,172,645.70,_binary '\0',54,172),(121,172,1518.80,_binary '\0',55,172),(122,173,758.80,_binary '\0',54,173),(123,173,1716.80,_binary '\0',55,173),(124,174,703.60,_binary '\0',57,174),(125,174,1691.90,_binary '',56,174),(126,175,520.00,_binary '\0',57,175),(127,175,1319.20,_binary '\0',56,175),(128,176,3646.50,_binary '\0',58,176),(129,177,2826.70,_binary '',58,177),(130,178,1152.60,_binary '\0',58,178),(131,179,965.40,_binary '\0',59,179),(132,180,705.00,_binary '',59,180),(133,181,872.30,_binary '',60,181),(134,182,2160.30,_binary '\0',60,182),(135,181,760.60,_binary '\0',60,181),(136,182,814.30,_binary '',60,182),(137,183,1209.90,_binary '\0',62,183),(138,183,2192.70,_binary '\0',61,183),(139,184,863.50,_binary '',62,184),(140,184,1632.40,_binary '',61,184),(141,185,1079.90,_binary '',63,185),(142,185,2399.40,_binary '\0',64,185),(143,186,1188.80,_binary '\0',63,186),(144,186,1989.10,_binary '\0',64,186),(145,187,920.50,_binary '\0',63,187),(146,187,1568.40,_binary '\0',64,187),(147,190,4835.70,_binary '\0',66,190),(148,192,4878.60,_binary '',67,192),(149,193,1454.00,_binary '\0',66,193),(150,193,2878.60,_binary '\0',67,193),(151,194,1363.90,_binary '\0',67,194),(152,194,2297.00,_binary '\0',66,194),(153,195,770.50,_binary '\0',68,195),(154,195,1579.80,_binary '\0',69,195),(155,196,936.20,_binary '\0',68,196),(156,196,1597.40,_binary '\0',69,196),(157,197,1267.30,_binary '\0',68,197),(158,197,2029.20,_binary '\0',69,197),(159,198,1123.60,_binary '\0',68,198),(160,198,1908.20,_binary '\0',69,198),(161,200,2061.40,_binary '\0',70,200),(162,200,2926.70,_binary '\0',71,200),(163,203,3477.60,_binary '\0',70,203),(164,204,790.10,_binary '',70,204),(165,204,2735.20,_binary '',71,204),(166,205,3524.70,_binary '',73,205),(167,206,2693.80,_binary '',73,206),(168,207,1706.60,_binary '',73,207);
/*!40000 ALTER TABLE `ka_answers` ENABLE KEYS */;
UNLOCK TABLES;

--
-- Table structure for table `ka_players`
--

DROP TABLE IF EXISTS `ka_players`;
/*!40101 SET @saved_cs_client     = @@character_set_client */;
/*!50503 SET character_set_client = utf8mb4 */;
CREATE TABLE `ka_players` (
  `id` bigint NOT NULL AUTO_INCREMENT,
  `answered_correctly` int DEFAULT NULL,
  `rounds_won` int DEFAULT NULL,
  `user_score` int DEFAULT NULL,
  `ka_answer_id` bigint DEFAULT NULL,
  `room_id` bigint NOT NULL,
  `user_id` bigint NOT NULL,
  PRIMARY KEY (`id`),
  KEY `FKaigyngeldb82waxp588ewfxmw_cascade` (`user_id`),
  KEY `FKatnbblk47cn2bhgb17ahk9yu2_cascade` (`room_id`),
  CONSTRAINT `FKaigyngeldb82waxp588ewfxmw_cascade` FOREIGN KEY (`user_id`) REFERENCES `app_users` (`user_id`) ON DELETE CASCADE,
  CONSTRAINT `FKatnbblk47cn2bhgb17ahk9yu2_cascade` FOREIGN KEY (`room_id`) REFERENCES `ka_rooms` (`room_id`) ON DELETE CASCADE
) ENGINE=InnoDB AUTO_INCREMENT=74 DEFAULT CHARSET=utf8mb4 COLLATE=utf8mb4_0900_ai_ci;
/*!40101 SET character_set_client = @saved_cs_client */;

--
-- Dumping data for table `ka_players`
--

LOCK TABLES `ka_players` WRITE;
/*!40000 ALTER TABLE `ka_players` DISABLE KEYS */;
INSERT INTO `ka_players` VALUES (14,NULL,NULL,NULL,NULL,14,39),(15,NULL,NULL,NULL,NULL,14,40),(16,NULL,NULL,NULL,NULL,15,39),(17,NULL,NULL,NULL,NULL,15,40),(18,NULL,NULL,NULL,NULL,16,39),(19,NULL,NULL,NULL,NULL,16,40),(20,NULL,NULL,NULL,NULL,17,39),(21,NULL,NULL,NULL,NULL,17,32),(22,NULL,NULL,NULL,NULL,18,39),(23,NULL,NULL,NULL,NULL,18,32),(24,NULL,NULL,NULL,NULL,19,32),(25,NULL,NULL,NULL,NULL,19,39),(26,NULL,NULL,NULL,NULL,20,32),(27,NULL,NULL,NULL,NULL,20,39),(28,NULL,NULL,NULL,NULL,21,39),(29,NULL,NULL,NULL,NULL,21,32),(30,NULL,NULL,NULL,NULL,22,39),(31,NULL,NULL,NULL,NULL,22,32),(32,NULL,NULL,NULL,NULL,23,39),(33,NULL,NULL,NULL,NULL,23,40),(34,NULL,NULL,NULL,NULL,23,32),(35,NULL,NULL,NULL,NULL,24,39),(36,NULL,NULL,NULL,NULL,24,32),(37,NULL,NULL,NULL,NULL,24,40),(38,NULL,NULL,NULL,NULL,25,39),(39,NULL,NULL,NULL,NULL,25,32),(40,NULL,NULL,NULL,NULL,26,32),(41,NULL,NULL,NULL,NULL,26,39),(42,NULL,NULL,NULL,NULL,27,39),(43,NULL,NULL,NULL,NULL,27,32),(44,NULL,NULL,NULL,NULL,28,39),(45,NULL,NULL,NULL,NULL,28,32),(46,NULL,NULL,NULL,NULL,29,32),(47,NULL,NULL,NULL,NULL,29,39),(48,NULL,NULL,NULL,NULL,30,32),(49,NULL,NULL,NULL,NULL,30,39),(50,NULL,NULL,NULL,NULL,31,39),(51,NULL,NULL,NULL,NULL,31,32),(52,NULL,NULL,NULL,NULL,32,39),(53,NULL,NULL,NULL,NULL,32,32),(54,NULL,NULL,NULL,NULL,33,39),(55,NULL,NULL,NULL,NULL,33,32),(56,NULL,NULL,NULL,NULL,34,32),(57,NULL,NULL,NULL,NULL,34,39),(58,NULL,NULL,NULL,NULL,35,39),(59,NULL,NULL,NULL,NULL,36,39),(60,NULL,NULL,NULL,NULL,37,39),(61,NULL,NULL,NULL,NULL,38,32),(62,NULL,NULL,NULL,NULL,38,39),(63,NULL,NULL,NULL,NULL,39,39),(64,NULL,NULL,NULL,NULL,39,32),(65,NULL,NULL,NULL,NULL,40,39),(66,NULL,NULL,NULL,NULL,41,46),(67,NULL,NULL,NULL,NULL,41,32),(68,NULL,NULL,NULL,NULL,42,38),(69,NULL,NULL,NULL,NULL,42,32),(70,NULL,NULL,NULL,NULL,43,32),(71,NULL,NULL,NULL,NULL,43,38),(72,NULL,NULL,NULL,NULL,44,38),(73,NULL,NULL,NULL,NULL,44,32);
/*!40000 ALTER TABLE `ka_players` ENABLE KEYS */;
UNLOCK TABLES;

--
-- Table structure for table `ka_questions`
--

DROP TABLE IF EXISTS `ka_questions`;
/*!40101 SET @saved_cs_client     = @@character_set_client */;
/*!50503 SET character_set_client = utf8mb4 */;
CREATE TABLE `ka_questions` (
  `id` bigint NOT NULL AUTO_INCREMENT,
  `answer_id` bigint DEFAULT NULL,
  `answer_list` json NOT NULL,
  `card_id` bigint DEFAULT NULL,
  `created_at` datetime(6) NOT NULL,
  `question` text NOT NULL,
  `room_id` bigint NOT NULL,
  `updated_at` datetime(6) DEFAULT NULL,
  PRIMARY KEY (`id`)
) ENGINE=InnoDB AUTO_INCREMENT=208 DEFAULT CHARSET=utf8mb4 COLLATE=utf8mb4_0900_ai_ci;
/*!40101 SET character_set_client = @saved_cs_client */;

--
-- Dumping data for table `ka_questions`
--

LOCK TABLES `ka_questions` WRITE;
/*!40000 ALTER TABLE `ka_questions` DISABLE KEYS */;
INSERT INTO `ka_questions` VALUES (1,NULL,'[{\"id\": 1, \"answer\": \"Tế bào.\", \"isTrue\": false}, {\"id\": 2, \"answer\": \"Phổi giúp trao đổi khí, lấy oxy và thải khí CO2.\", \"isTrue\": false}, {\"id\": 3, \"answer\": \"Hệ tuần hoàn.\", \"isTrue\": false}, {\"id\": 4, \"answer\": \"Tuyến tụy.\", \"isTrue\": true}]',542,'2024-12-28 03:48:01.322000','Cơ quan nào sản xuất hormone insulin?',1,'2024-12-28 03:48:01.322000'),(2,NULL,'[{\"id\": 1, \"answer\": \"Tế bào.\", \"isTrue\": false}, {\"id\": 2, \"answer\": \"Não bộ.\", \"isTrue\": false}, {\"id\": 3, \"answer\": \"Hệ tuần hoàn.\", \"isTrue\": true}, {\"id\": 4, \"answer\": \"Hệ tiêu hóa bắt đầu từ miệng.\", \"isTrue\": false}]',536,'2024-12-28 03:48:01.335000','Hệ cơ quan nào chịu trách nhiệm vận chuayển máu trong cơ thể?',1,'2024-12-28 03:48:01.335000'),(3,NULL,'[{\"id\": 1, \"answer\": \"Xương hỗ trợ, bảo vệ các cơ quan và giúp cơ thể vận động.\", \"isTrue\": false}, {\"id\": 2, \"answer\": \"Tim bơm máu đi khắp cơ thể.\", \"isTrue\": true}, {\"id\": 3, \"answer\": \"Tế bào.\", \"isTrue\": false}, {\"id\": 4, \"answer\": \"Tim nằm ở giữa ngực, hơi lệch về bên trái.\", \"isTrue\": false}]',545,'2024-12-28 03:48:01.342000','Máu được bơm đi khắp cơ thể nhờ cơ quan nào?',1,'2024-12-28 03:48:01.342000'),(4,NULL,'[{\"id\": 1, \"answer\": \"Xương hỗ trợ, bảo vệ các cơ quan và giúp cơ thể vận động.\", \"isTrue\": true}, {\"id\": 2, \"answer\": \"Tim bơm máu đi khắp cơ thể.\", \"isTrue\": false}, {\"id\": 3, \"answer\": \"Tim nằm ở giữa ngực, hơi lệch về bên trái.\", \"isTrue\": false}, {\"id\": 4, \"answer\": \"Phổi giúp trao đổi khí, lấy oxy và thải khí CO2.\", \"isTrue\": false}]',543,'2024-12-28 03:48:01.352000','Xương có tác dụng gì đối với cơ thể?',1,'2024-12-28 03:48:01.352000'),(5,NULL,'[{\"id\": 1, \"answer\": \"Tim bơm máu đi khắp cơ thể.\", \"isTrue\": false}, {\"id\": 2, \"answer\": \"Não bộ.\", \"isTrue\": true}, {\"id\": 3, \"answer\": \"Thận lọc máu và loại bỏ chất thải qua nước tiểu.\", \"isTrue\": false}, {\"id\": 4, \"answer\": \"Hệ tuần hoàn.\", \"isTrue\": false}]',538,'2024-12-28 03:48:01.359000','Cơ quan nào điều khiển toàn bộ hoạt động của cơ thể?',1,'2024-12-28 03:48:01.359000'),(6,NULL,'[{\"id\": 1, \"answer\": \"Tim bơm máu đi khắp cơ thể.\", \"isTrue\": false}, {\"id\": 2, \"answer\": \"Hệ tiêu hóa bắt đầu từ miệng.\", \"isTrue\": false}, {\"id\": 3, \"answer\": \"Tim nằm ở giữa ngực, hơi lệch về bên trái.\", \"isTrue\": true}, {\"id\": 4, \"answer\": \"Não bộ.\", \"isTrue\": false}]',541,'2024-12-28 03:48:01.367000','Tim nằm ở đâu trong cơ thể?',1,'2024-12-28 03:48:01.367000'),(7,NULL,'[{\"id\": 1, \"answer\": \"Phổi giúp trao đổi khí, lấy oxy và thải khí CO2.\", \"isTrue\": true}, {\"id\": 2, \"answer\": \"Xương hỗ trợ, bảo vệ các cơ quan và giúp cơ thể vận động.\", \"isTrue\": false}, {\"id\": 3, \"answer\": \"Thận lọc máu và loại bỏ chất thải qua nước tiểu.\", \"isTrue\": false}, {\"id\": 4, \"answer\": \"Tim bơm máu đi khắp cơ thể.\", \"isTrue\": false}]',537,'2024-12-28 03:48:01.374000','Phổi có chức năng gì trong cơ thể?',1,'2024-12-28 03:48:01.374000'),(8,NULL,'[{\"id\": 1, \"answer\": \"Phổi giúp trao đổi khí, lấy oxy và thải khí CO2.\", \"isTrue\": false}, {\"id\": 2, \"answer\": \"Xương hỗ trợ, bảo vệ các cơ quan và giúp cơ thể vận động.\", \"isTrue\": false}, {\"id\": 3, \"answer\": \"Hệ tuần hoàn.\", \"isTrue\": false}, {\"id\": 4, \"answer\": \"Tế bào.\", \"isTrue\": true}]',539,'2024-12-28 03:48:01.383000','Đơn vị cấu trúc cơ bản của cơ thể con người là gì?',1,'2024-12-28 03:48:01.383000'),(9,NULL,'[{\"id\": 1, \"answer\": \"Thận lọc máu và loại bỏ chất thải qua nước tiểu.\", \"isTrue\": true}, {\"id\": 2, \"answer\": \"Tuyến tụy.\", \"isTrue\": false}, {\"id\": 3, \"answer\": \"Hệ tiêu hóa bắt đầu từ miệng.\", \"isTrue\": false}, {\"id\": 4, \"answer\": \"Phổi giúp trao đổi khí, lấy oxy và thải khí CO2.\", \"isTrue\": false}]',540,'2024-12-28 03:48:01.394000','Thận có vai trò gì trong cơ thể?',1,'2024-12-28 03:48:01.394000'),(10,NULL,'[{\"id\": 1, \"answer\": \"A. x=1,6x = 1, 6\", \"isTrue\": false}, {\"id\": 2, \"answer\": \"B. x=2,3x = 2, 3\", \"isTrue\": true}, {\"id\": 3, \"answer\": \"C. x=−1,−6x = -1, -6\", \"isTrue\": false}, {\"id\": 4, \"answer\": \"D. x=−2,−3x = -2, -3\", \"isTrue\": false}]',587,'2024-12-28 03:51:15.361000','Phương trình bậc hai x2−5x+6=0x^2 - 5x + 6 = 0 có nghiệm là gì?\n\nA. x=1,6x = 1, 6\n\nB. x=2,3x = 2, 3\n\nC. x=−1,−6x = -1, -6\n\nD. x=−2,−3x = -2, -3',2,'2024-12-28 03:51:15.361000'),(11,NULL,'[{\"id\": 1, \"answer\": \"A. π3,5π3\\\\frac{\\\\pi}{3}, \\\\frac{5\\\\pi}{3}\", \"isTrue\": true}, {\"id\": 2, \"answer\": \"B. π2,3π2\\\\frac{\\\\pi}{2}, \\\\frac{3\\\\pi}{2}\", \"isTrue\": false}, {\"id\": 3, \"answer\": \"C. π6,5π6\\\\frac{\\\\pi}{6}, \\\\frac{5\\\\pi}{6}\", \"isTrue\": false}, {\"id\": 4, \"answer\": \"D. π4,3π4\\\\frac{\\\\pi}{4}, \\\\frac{3\\\\pi}{4}\", \"isTrue\": false}]',593,'2024-12-28 03:51:15.402000','Giải phương trình 2sin⁡x=32\\sin x = \\sqrt{3} trong khoảng [0,2π][0, 2\\pi]?\n\nA. π3,5π3\\frac{\\pi}{3}, \\frac{5\\pi}{3}\n\nB. π2,3π2\\frac{\\pi}{2}, \\frac{3\\pi}{2}\n\nC. π6,5π6\\frac{\\pi}{6}, \\frac{5\\pi}{6}\n\nD. π4,3π4\\frac{\\pi}{4}, \\frac{3\\pi}{4}',2,'2024-12-28 03:51:15.402000'),(12,NULL,'[{\"id\": 1, \"answer\": \"A. 32 cm²\", \"isTrue\": true}, {\"id\": 2, \"answer\": \"B. 64 cm²\", \"isTrue\": false}, {\"id\": 3, \"answer\": \"C. 16 cm²\", \"isTrue\": false}, {\"id\": 4, \"answer\": \"D. 20 cm²\", \"isTrue\": false}]',592,'2024-12-28 03:51:15.415000','Đoạn đường chéo của hình vuông có độ dài 8 cm. Diện tích của hình vuông là bao nhiêu?\n\nA. 32 cm²\n\nB. 64 cm²\n\nC. 16 cm²\n\nD. 20 cm²',2,'2024-12-28 03:51:15.415000'),(13,NULL,'[{\"id\": 1, \"answer\": \"A. 23\\\\frac{2}{3}\", \"isTrue\": false}, {\"id\": 2, \"answer\": \"B. 1\", \"isTrue\": false}, {\"id\": 3, \"answer\": \"C. 53\\\\frac{5}{3}\", \"isTrue\": true}, {\"id\": 4, \"answer\": \"D. 32\\\\frac{3}{2}\", \"isTrue\": false}]',591,'2024-12-28 03:51:15.436000','Tính tích phân ∫01(x2+1)dx\\int_0^1 (x^2 + 1) dx?\n\nA. 23\\frac{2}{3}\n\nB. 1\n\nC. 53\\frac{5}{3}\n\nD. 32\\frac{3}{2}',2,'2024-12-28 03:51:15.436000'),(14,NULL,'[{\"id\": 1, \"answer\": \"A. 9x2−8x+59x^2 - 8x + 5\", \"isTrue\": true}, {\"id\": 2, \"answer\": \"B. 9x2−8x+29x^2 - 8x + 2\", \"isTrue\": false}, {\"id\": 3, \"answer\": \"C. 6x2−8x+56x^2 - 8x + 5\", \"isTrue\": false}, {\"id\": 4, \"answer\": \"D. 6x2−8x+26x^2 - 8x + 2\", \"isTrue\": false}]',588,'2024-12-28 03:51:15.448000','Tìm đạo hàm của hàm số f(x)=3x3−4x2+5x−2f(x) = 3x^3 - 4x^2 + 5x - 2?\n\nA. 9x2−8x+59x^2 - 8x + 5\n\nB. 9x2−8x+29x^2 - 8x + 2\n\nC. 6x2−8x+56x^2 - 8x + 5\n\nD. 6x2−8x+26x^2 - 8x + 2',2,'2024-12-28 03:51:15.448000'),(15,NULL,'[{\"id\": 1, \"answer\": \"C. 2\\n\\nCác câu hỏi trên đã có đáp án đầy đủ theo định dạng mà bạn yêu cầu.\", \"isTrue\": true}, {\"id\": 2, \"answer\": \"A. 12\\\\frac{1}{2}\", \"isTrue\": false}, {\"id\": 3, \"answer\": \"A. 9x2−8x+59x^2 - 8x + 5\", \"isTrue\": false}, {\"id\": 4, \"answer\": \"A. 1x\\\\frac{1}{x}\", \"isTrue\": false}]',595,'2024-12-28 03:51:15.456000','Tính giá trị biểu thức ∫0πsin⁡x dx\\int_0^\\pi \\sin x \\, dx?\n\nA. 0\n\nB. 1\n\nC. 2\n\nD. π\\pi',2,'2024-12-28 03:51:15.456000'),(16,NULL,'[{\"id\": 1, \"answer\": \"A. 25π cm²\", \"isTrue\": true}, {\"id\": 2, \"answer\": \"B. 50π cm²\", \"isTrue\": false}, {\"id\": 3, \"answer\": \"C. 10π cm²\", \"isTrue\": false}, {\"id\": 4, \"answer\": \"D. 20π cm²\", \"isTrue\": false}]',589,'2024-12-28 03:51:15.466000','Diện tích hình tròn có bán kính 5cm là bao nhiêu?\n\nA. 25π cm²\n\nB. 50π cm²\n\nC. 10π cm²\n\nD. 20π cm²',2,'2024-12-28 03:51:15.466000'),(17,NULL,'[{\"id\": 1, \"answer\": \"A. 12\\\\frac{1}{2}\", \"isTrue\": true}, {\"id\": 2, \"answer\": \"B. 0\", \"isTrue\": false}, {\"id\": 3, \"answer\": \"C. 32\\\\frac{\\\\sqrt{3}}{2}\", \"isTrue\": false}, {\"id\": 4, \"answer\": \"D. 1\", \"isTrue\": false}]',594,'2024-12-28 03:51:15.477000','Tìm giá trị của cos⁡60∘\\cos 60^\\circ?\n\nA. 12\\frac{1}{2}\n\nB. 0\n\nC. 32\\frac{\\sqrt{3}}{2}\n\nD. 1',2,'2024-12-28 03:51:15.477000'),(18,NULL,'[{\"id\": 1, \"answer\": \"A. x=1,6x = 1, 6\", \"isTrue\": false}, {\"id\": 2, \"answer\": \"B. x=2,3x = 2, 3\", \"isTrue\": true}, {\"id\": 3, \"answer\": \"C. x=−1,−6x = -1, -6\", \"isTrue\": false}, {\"id\": 4, \"answer\": \"D. x=−2,−3x = -2, -3\", \"isTrue\": false}]',587,'2024-12-28 03:56:31.425000','Phương trình bậc hai x2−5x+6=0x^2 - 5x + 6 = 0 có nghiệm là gì?\n\nA. x=1,6x = 1, 6\n\nB. x=2,3x = 2, 3\n\nC. x=−1,−6x = -1, -6\n\nD. x=−2,−3x = -2, -3',3,'2024-12-28 03:56:31.425000'),(19,NULL,'[{\"id\": 1, \"answer\": \"A. 12\\\\frac{1}{2}\", \"isTrue\": true}, {\"id\": 2, \"answer\": \"B. 0\", \"isTrue\": false}, {\"id\": 3, \"answer\": \"C. 32\\\\frac{\\\\sqrt{3}}{2}\", \"isTrue\": false}, {\"id\": 4, \"answer\": \"D. 1\", \"isTrue\": false}]',594,'2024-12-28 03:56:31.465000','Tìm giá trị của cos⁡60∘\\cos 60^\\circ?\n\nA. 12\\frac{1}{2}\n\nB. 0\n\nC. 32\\frac{\\sqrt{3}}{2}\n\nD. 1',3,'2024-12-28 03:56:31.465000'),(20,NULL,'[{\"id\": 1, \"answer\": \"A. 23\\\\frac{2}{3}\", \"isTrue\": false}, {\"id\": 2, \"answer\": \"B. 1\", \"isTrue\": false}, {\"id\": 3, \"answer\": \"C. 53\\\\frac{5}{3}\", \"isTrue\": true}, {\"id\": 4, \"answer\": \"D. 32\\\\frac{3}{2}\", \"isTrue\": false}]',591,'2024-12-28 03:56:31.475000','Tính tích phân ∫01(x2+1)dx\\int_0^1 (x^2 + 1) dx?\n\nA. 23\\frac{2}{3}\n\nB. 1\n\nC. 53\\frac{5}{3}\n\nD. 32\\frac{3}{2}',3,'2024-12-28 03:56:31.475000'),(21,NULL,'[{\"id\": 1, \"answer\": \"A. 32 cm²\", \"isTrue\": true}, {\"id\": 2, \"answer\": \"B. 64 cm²\", \"isTrue\": false}, {\"id\": 3, \"answer\": \"C. 16 cm²\", \"isTrue\": false}, {\"id\": 4, \"answer\": \"D. 20 cm²\", \"isTrue\": false}]',592,'2024-12-28 03:56:31.485000','Đoạn đường chéo của hình vuông có độ dài 8 cm. Diện tích của hình vuông là bao nhiêu?\n\nA. 32 cm²\n\nB. 64 cm²\n\nC. 16 cm²\n\nD. 20 cm²',3,'2024-12-28 03:56:31.485000'),(22,NULL,'[{\"id\": 1, \"answer\": \"A. 1x\\\\frac{1}{x}\", \"isTrue\": true}, {\"id\": 2, \"answer\": \"B. xx\", \"isTrue\": false}, {\"id\": 3, \"answer\": \"C. ln⁡x\\\\ln x\", \"isTrue\": false}, {\"id\": 4, \"answer\": \"D. exe^x\", \"isTrue\": false}]',590,'2024-12-28 03:56:31.501000','Tìm đạo hàm của hàm số f(x)=ln⁡xf(x) = \\ln x?\n\nA. 1x\\frac{1}{x}\n\nB. xx\n\nC. ln⁡x\\ln x\n\nD. exe^x',3,'2024-12-28 03:56:31.501000'),(23,NULL,'[{\"id\": 1, \"answer\": \"A. 1\", \"isTrue\": false}, {\"id\": 2, \"answer\": \"B. x=2,3x = 2, 3\", \"isTrue\": false}, {\"id\": 3, \"answer\": \"A. 1x\\\\frac{1}{x}\", \"isTrue\": false}, {\"id\": 4, \"answer\": \"C. 2\\n\\nCác câu hỏi trên đã có đáp án đầy đủ theo định dạng mà bạn yêu cầu.\", \"isTrue\": true}]',595,'2024-12-28 03:56:31.512000','Tính giá trị biểu thức ∫0πsin⁡x dx\\int_0^\\pi \\sin x \\, dx?\n\nA. 0\n\nB. 1\n\nC. 2\n\nD. π\\pi',3,'2024-12-28 03:56:31.512000'),(24,NULL,'[{\"id\": 1, \"answer\": \"A. 1\", \"isTrue\": true}, {\"id\": 2, \"answer\": \"B. 0\", \"isTrue\": false}, {\"id\": 3, \"answer\": \"C. ∞\\\\infty\", \"isTrue\": false}, {\"id\": 4, \"answer\": \"D. -1\", \"isTrue\": false}]',586,'2024-12-28 03:56:31.532000','Tính giá trị của biểu thức lim⁡x→0sin⁡xx\\lim_{{x \\to 0}} \\frac{\\sin x}{x}\n\nA. 1\n\nB. 0\n\nC. ∞\\infty\n\nD. -1',3,'2024-12-28 03:56:31.532000'),(25,NULL,'[{\"id\": 1, \"answer\": \"A. 25π cm²\", \"isTrue\": true}, {\"id\": 2, \"answer\": \"B. 50π cm²\", \"isTrue\": false}, {\"id\": 3, \"answer\": \"C. 10π cm²\", \"isTrue\": false}, {\"id\": 4, \"answer\": \"D. 20π cm²\", \"isTrue\": false}]',589,'2024-12-28 03:56:31.550000','Diện tích hình tròn có bán kính 5cm là bao nhiêu?\n\nA. 25π cm²\n\nB. 50π cm²\n\nC. 10π cm²\n\nD. 20π cm²',3,'2024-12-28 03:56:31.550000'),(26,NULL,'[{\"id\": 1, \"answer\": \"A. π3,5π3\\\\frac{\\\\pi}{3}, \\\\frac{5\\\\pi}{3}\", \"isTrue\": true}, {\"id\": 2, \"answer\": \"B. π2,3π2\\\\frac{\\\\pi}{2}, \\\\frac{3\\\\pi}{2}\", \"isTrue\": false}, {\"id\": 3, \"answer\": \"C. π6,5π6\\\\frac{\\\\pi}{6}, \\\\frac{5\\\\pi}{6}\", \"isTrue\": false}, {\"id\": 4, \"answer\": \"D. π4,3π4\\\\frac{\\\\pi}{4}, \\\\frac{3\\\\pi}{4}\", \"isTrue\": false}]',593,'2024-12-28 03:56:31.562000','Giải phương trình 2sin⁡x=32\\sin x = \\sqrt{3} trong khoảng [0,2π][0, 2\\pi]?\n\nA. π3,5π3\\frac{\\pi}{3}, \\frac{5\\pi}{3}\n\nB. π2,3π2\\frac{\\pi}{2}, \\frac{3\\pi}{2}\n\nC. π6,5π6\\frac{\\pi}{6}, \\frac{5\\pi}{6}\n\nD. π4,3π4\\frac{\\pi}{4}, \\frac{3\\pi}{4}',3,'2024-12-28 03:56:31.562000'),(27,NULL,'[{\"id\": 1, \"answer\": \"A. Ở cấp độ của các cá nhân và doanh nghiệp\", \"isTrue\": false}, {\"id\": 2, \"answer\": \"B. Của nền kinh tế quốc gia và toàn cầu\", \"isTrue\": true}, {\"id\": 3, \"answer\": \"C. Chỉ liên quan đến chính phủ và các cơ quan nhà nước\", \"isTrue\": false}, {\"id\": 4, \"answer\": \"D. Chỉ tác động đến các thị trường tài chính\", \"isTrue\": false}]',367,'2024-12-28 03:57:57.972000','Kinh tế học vĩ mô nghiên cứu các hiện tượng:\n\nA. Ở cấp độ của các cá nhân và doanh nghiệp\n\nB. Của nền kinh tế quốc gia và toàn cầu\n\nC. Chỉ liên quan đến chính phủ và các cơ quan nhà nước\n\nD. Chỉ tác động đến các thị trường tài chính',4,'2024-12-28 03:57:57.972000'),(28,NULL,'[{\"id\": 1, \"answer\": \"A. Điều hành chính sách tiền tệ và điều chỉnh lãi suất\", \"isTrue\": true}, {\"id\": 2, \"answer\": \"B. Xây dựng ngân sách quốc gia\", \"isTrue\": false}, {\"id\": 3, \"answer\": \"C. Thực hiện các chiến lược phát triển quốc gia\", \"isTrue\": false}, {\"id\": 4, \"answer\": \"D. Quản lý các công ty nhà nước\", \"isTrue\": false}]',375,'2024-12-28 03:57:57.980000','Hệ thống ngân hàng trung ương của mỗi quốc gia có nhiệm vụ gì?\n\nA. Điều hành chính sách tiền tệ và điều chỉnh lãi suất\n\nB. Xây dựng ngân sách quốc gia\n\nC. Thực hiện các chiến lược phát triển quốc gia\n\nD. Quản lý các công ty nhà nước',4,'2024-12-28 03:57:57.980000'),(29,NULL,'[{\"id\": 1, \"answer\": \"A. Quan hệ giữa sản lượng và lãi suất trong nền kinh tế\", \"isTrue\": true}, {\"id\": 2, \"answer\": \"B. Quan hệ giữa cung tiền và lạm phát\", \"isTrue\": false}, {\"id\": 3, \"answer\": \"C. Mối quan hệ giữa đầu tư và tiết kiệm\", \"isTrue\": false}, {\"id\": 4, \"answer\": \"D. Mối quan hệ giữa tiêu dùng và thu nhập\", \"isTrue\": false}]',370,'2024-12-28 03:57:57.988000','Mô hình IS-LM dùng để phân tích:\n\nA. Quan hệ giữa sản lượng và lãi suất trong nền kinh tế\n\nB. Quan hệ giữa cung tiền và lạm phát\n\nC. Mối quan hệ giữa đầu tư và tiết kiệm\n\nD. Mối quan hệ giữa tiêu dùng và thu nhập',4,'2024-12-28 03:57:57.988000'),(30,NULL,'[{\"id\": 1, \"answer\": \"A. Chính sách tài chính của chính phủ\", \"isTrue\": false}, {\"id\": 2, \"answer\": \"B. Chi tiêu của hộ gia đình\", \"isTrue\": false}, {\"id\": 3, \"answer\": \"C. Nguồn cung tiền và tín dụng trong nền kinh tế\", \"isTrue\": true}, {\"id\": 4, \"answer\": \"D. Mức độ đầu tư từ nước ngoài\", \"isTrue\": false}]',362,'2024-12-28 03:57:57.996000','Một trong những yếu tố cơ bản tác động đến lạm phát là gì?\n\nA. Chính sách tài chính của chính phủ\n\nB. Chi tiêu của hộ gia đình\n\nC. Nguồn cung tiền và tín dụng trong nền kinh tế\n\nD. Mức độ đầu tư từ nước ngoài',4,'2024-12-28 03:57:57.996000'),(31,NULL,'[{\"id\": 1, \"answer\": \"B. Khi tổng chi của chính phủ lớn hơn tổng thu nhập\", \"isTrue\": false}, {\"id\": 2, \"answer\": \"\\n\", \"isTrue\": true}, {\"id\": 3, \"answer\": \"C. Nguồn cung tiền và tín dụng trong nền kinh tế\", \"isTrue\": false}, {\"id\": 4, \"answer\": \"C. Tình hình nền kinh tế quốc gia, bao gồm tăng trưởng, thất nghiệp và lạm phát\", \"isTrue\": false}]',382,'2024-12-28 03:57:58.005000','Khi chính phủ tăng cường chi tiêu công, điều này sẽ tác động như thế nào đến nền kinh tế?\n\nA. Tăng trưởng kinh tế và giảm tỷ lệ thất nghiệp\n\nB. Làm giảm giá trị tiền',4,'2024-12-28 03:57:58.005000'),(32,NULL,'[{\"id\": 1, \"answer\": \"A. Điều chỉnh thuế và chi tiêu công\", \"isTrue\": false}, {\"id\": 2, \"answer\": \"B. Thay đổi lãi suất và can thiệp vào thị trường tài chính\", \"isTrue\": true}, {\"id\": 3, \"answer\": \"C. Kiểm soát nguồn cung hàng hóa\", \"isTrue\": false}, {\"id\": 4, \"answer\": \"D. Tăng trưởng xuất khẩu\", \"isTrue\": false}]',369,'2024-12-28 03:57:58.019000','Các công cụ chính của chính sách tiền tệ là gì?\n\nA. Điều chỉnh thuế và chi tiêu công\n\nB. Thay đổi lãi suất và can thiệp vào thị trường tài chính\n\nC. Kiểm soát nguồn cung hàng hóa\n\nD. Tăng trưởng xuất khẩu',4,'2024-12-28 03:57:58.019000'),(33,NULL,'[{\"id\": 1, \"answer\": \"A. Tăng cường sự cạnh tranh trong nền kinh tế\", \"isTrue\": false}, {\"id\": 2, \"answer\": \"B. Tạo ra tăng trưởng kinh tế nhanh chóng\", \"isTrue\": false}, {\"id\": 3, \"answer\": \"C. Khuyến khích chi tiêu và đầu tư\", \"isTrue\": true}, {\"id\": 4, \"answer\": \"D. Giảm tỷ lệ thất nghiệp và lạm phát\", \"isTrue\": false}]',380,'2024-12-28 03:57:58.027000','Chính sách tiền tệ mở rộng giúp:\n\nA. Tăng cường sự cạnh tranh trong nền kinh tế\n\nB. Tạo ra tăng trưởng kinh tế nhanh chóng\n\nC. Khuyến khích chi tiêu và đầu tư\n\nD. Giảm tỷ lệ thất nghiệp và lạm phát',4,'2024-12-28 03:57:58.027000'),(34,NULL,'[{\"id\": 1, \"answer\": \"A. Khi tổng thu của chính phủ lớn hơn tổng chi tiêu\", \"isTrue\": false}, {\"id\": 2, \"answer\": \"B. Khi tổng chi của chính phủ lớn hơn tổng thu nhập\", \"isTrue\": true}, {\"id\": 3, \"answer\": \"C. Khi chính phủ vay tiền từ các ngân hàng\", \"isTrue\": false}, {\"id\": 4, \"answer\": \"D. Khi chi tiêu của chính phủ không đủ để phát triển nền kinh tế\", \"isTrue\": false}]',379,'2024-12-28 03:57:58.036000','Thâm hụt ngân sách là gì?\n\nA. Khi tổng thu của chính phủ lớn hơn tổng chi tiêu\n\nB. Khi tổng chi của chính phủ lớn hơn tổng thu nhập\n\nC. Khi chính phủ vay tiền từ các ngân hàng\n\nD. Khi chi tiêu của chính phủ không đủ để phát triển nền kinh tế',4,'2024-12-28 03:57:58.036000'),(35,NULL,'[{\"id\": 1, \"answer\": \"A. Tăng trưởng kinh tế nhanh chóng\", \"isTrue\": false}, {\"id\": 2, \"answer\": \"B. Giảm lạm phát và tăng cường sức mua của đồng tiền\", \"isTrue\": true}, {\"id\": 3, \"answer\": \"C. Tăng tỷ lệ thất nghiệp\", \"isTrue\": false}, {\"id\": 4, \"answer\": \"D. Khuyến khích chi tiêu và đầu tư\", \"isTrue\": false}]',371,'2024-12-28 03:57:58.045000','Chính sách tiền tệ thắt chặt có tác dụng gì?\n\nA. Tăng trưởng kinh tế nhanh chóng\n\nB. Giảm lạm phát và tăng cường sức mua của đồng tiền\n\nC. Tăng tỷ lệ thất nghiệp\n\nD. Khuyến khích chi tiêu và đầu tư',4,'2024-12-28 03:57:58.045000'),(36,NULL,'[{\"id\": 1, \"answer\": \"A. Alexander Fleming\", \"isTrue\": true}, {\"id\": 2, \"answer\": \"B. Marie Curie\", \"isTrue\": false}, {\"id\": 3, \"answer\": \"C. Albert Einstein\", \"isTrue\": false}, {\"id\": 4, \"answer\": \"D. Isaac Newton\", \"isTrue\": false}]',716,'2024-12-28 04:05:49.610000','Who discovered penicillin?\n\nA. Alexander Fleming\n\nB. Marie Curie\n\nC. Albert Einstein\n\nD. Isaac Newton',5,'2024-12-28 04:05:49.610000'),(37,NULL,'[{\"id\": 1, \"answer\": \"A. Leonardo da Vinci\", \"isTrue\": true}, {\"id\": 2, \"answer\": \"B. Vincent van Gogh\", \"isTrue\": false}, {\"id\": 3, \"answer\": \"C. Pablo Picasso\", \"isTrue\": false}, {\"id\": 4, \"answer\": \"D. Claude Monet\", \"isTrue\": false}]',710,'2024-12-28 04:05:49.621000','Who painted the Mona Lisa?\n\nA. Leonardo da Vinci\n\nB. Vincent van Gogh\n\nC. Pablo Picasso\n\nD. Claude Monet',5,'2024-12-28 04:05:49.621000'),(38,NULL,'[{\"id\": 1, \"answer\": \"A. Amazon River\", \"isTrue\": false}, {\"id\": 2, \"answer\": \"B. Nile River\", \"isTrue\": true}, {\"id\": 3, \"answer\": \"C. Yangtze River\", \"isTrue\": false}, {\"id\": 4, \"answer\": \"D. Mississippi River\", \"isTrue\": false}]',717,'2024-12-28 04:05:49.629000','What is the longest river in the world?\n\nA. Amazon River\n\nB. Nile River\n\nC. Yangtze River\n\nD. Mississippi River',5,'2024-12-28 04:05:49.629000'),(39,NULL,'[{\"id\": 1, \"answer\": \"A. Charles Dickens\", \"isTrue\": false}, {\"id\": 2, \"answer\": \"B. Mark Twain\", \"isTrue\": false}, {\"id\": 3, \"answer\": \"C. William Shakespeare\", \"isTrue\": true}, {\"id\": 4, \"answer\": \"D. Jane Austen\", \"isTrue\": false}]',713,'2024-12-28 04:05:49.640000','Who wrote \"Hamlet\"?\n\nA. Charles Dickens\n\nB. Mark Twain\n\nC. William Shakespeare\n\nD. Jane Austen',5,'2024-12-28 04:05:49.640000'),(40,NULL,'[{\"id\": 1, \"answer\": \"A. Earth\", \"isTrue\": false}, {\"id\": 2, \"answer\": \"B. Venus\", \"isTrue\": false}, {\"id\": 3, \"answer\": \"C. Jupiter\", \"isTrue\": true}, {\"id\": 4, \"answer\": \"D. Mars\", \"isTrue\": false}]',714,'2024-12-28 04:05:49.648000','What is the largest planet in our solar system?\n\nA. Earth\n\nB. Venus\n\nC. Jupiter\n\nD. Mars',5,'2024-12-28 04:05:49.648000'),(41,NULL,'[{\"id\": 1, \"answer\": \"A. Hydrogen\", \"isTrue\": true}, {\"id\": 2, \"answer\": \"B. Helium\", \"isTrue\": false}, {\"id\": 3, \"answer\": \"C. Oxygen\", \"isTrue\": false}, {\"id\": 4, \"answer\": \"D. Carbon\", \"isTrue\": false}]',715,'2024-12-28 04:05:49.655000','Which element has the atomic number 1?\n\nA. Hydrogen\n\nB. Helium\n\nC. Oxygen\n\nD. Carbon',5,'2024-12-28 04:05:49.655000'),(42,NULL,'[{\"id\": 1, \"answer\": \"A. Alan Turing\", \"isTrue\": false}, {\"id\": 2, \"answer\": \"B. Charles Babbage\", \"isTrue\": true}, {\"id\": 3, \"answer\": \"C. Thomas Edison\", \"isTrue\": false}, {\"id\": 4, \"answer\": \"D. Steve Jobs\", \"isTrue\": false}]',718,'2024-12-28 04:05:49.663000','Who is known as the \"Father of Computers\"?\n\nA. Alan Turing\n\nB. Charles Babbage\n\nC. Thomas Edison\n\nD. Steve Jobs',5,'2024-12-28 04:05:49.663000'),(43,NULL,'[{\"id\": 1, \"answer\": \"A. Atom\", \"isTrue\": false}, {\"id\": 2, \"answer\": \"B. Molecule\", \"isTrue\": false}, {\"id\": 3, \"answer\": \"C. Cell\", \"isTrue\": true}, {\"id\": 4, \"answer\": \"D. Organ\", \"isTrue\": false}]',719,'2024-12-28 04:05:49.671000','What is the smallest unit of life?\n\nA. Atom\n\nB. Molecule\n\nC. Cell\n\nD. Organ',5,'2024-12-28 04:05:49.671000'),(44,NULL,'[{\"id\": 1, \"answer\": \"A. Madrid\", \"isTrue\": false}, {\"id\": 2, \"answer\": \"B. Paris\", \"isTrue\": true}, {\"id\": 3, \"answer\": \"C. Rome\", \"isTrue\": false}, {\"id\": 4, \"answer\": \"D. Berlin\", \"isTrue\": false}]',711,'2024-12-28 04:05:49.678000','What is the capital city of France?\n\nA. Madrid\n\nB. Paris\n\nC. Rome\n\nD. Berlin',5,'2024-12-28 04:05:49.678000'),(45,NULL,'[{\"id\": 1, \"answer\": \"A. Earth\", \"isTrue\": false}, {\"id\": 2, \"answer\": \"B. Venus\", \"isTrue\": false}, {\"id\": 3, \"answer\": \"C. Jupiter\", \"isTrue\": true}, {\"id\": 4, \"answer\": \"D. Mars\", \"isTrue\": false}]',714,'2024-12-28 04:23:43.470000','What is the largest planet in our solar system?\n\nA. Earth\n\nB. Venus\n\nC. Jupiter\n\nD. Mars',6,'2024-12-28 04:23:43.470000'),(46,NULL,'[{\"id\": 1, \"answer\": \"A. Amazon River\", \"isTrue\": false}, {\"id\": 2, \"answer\": \"B. Nile River\", \"isTrue\": true}, {\"id\": 3, \"answer\": \"C. Yangtze River\", \"isTrue\": false}, {\"id\": 4, \"answer\": \"D. Mississippi River\", \"isTrue\": false}]',717,'2024-12-28 04:23:43.499000','What is the longest river in the world?\n\nA. Amazon River\n\nB. Nile River\n\nC. Yangtze River\n\nD. Mississippi River',6,'2024-12-28 04:23:43.499000'),(47,NULL,'[{\"id\": 1, \"answer\": \"A. H₂O\", \"isTrue\": true}, {\"id\": 2, \"answer\": \"B. O₂\", \"isTrue\": false}, {\"id\": 3, \"answer\": \"C. CO₂\", \"isTrue\": false}, {\"id\": 4, \"answer\": \"D. NH₃\", \"isTrue\": false}]',712,'2024-12-28 04:23:43.516000','What is the chemical symbol for water?\n\nA. H₂O\n\nB. O₂\n\nC. CO₂\n\nD. NH₃',6,'2024-12-28 04:23:43.516000'),(48,NULL,'[{\"id\": 1, \"answer\": \"A. Hydrogen\", \"isTrue\": true}, {\"id\": 2, \"answer\": \"B. Helium\", \"isTrue\": false}, {\"id\": 3, \"answer\": \"C. Oxygen\", \"isTrue\": false}, {\"id\": 4, \"answer\": \"D. Carbon\", \"isTrue\": false}]',715,'2024-12-28 04:23:43.523000','Which element has the atomic number 1?\n\nA. Hydrogen\n\nB. Helium\n\nC. Oxygen\n\nD. Carbon',6,'2024-12-28 04:23:43.523000'),(49,NULL,'[{\"id\": 1, \"answer\": \"A. Atom\", \"isTrue\": false}, {\"id\": 2, \"answer\": \"B. Molecule\", \"isTrue\": false}, {\"id\": 3, \"answer\": \"C. Cell\", \"isTrue\": true}, {\"id\": 4, \"answer\": \"D. Organ\", \"isTrue\": false}]',719,'2024-12-28 04:23:43.532000','What is the smallest unit of life?\n\nA. Atom\n\nB. Molecule\n\nC. Cell\n\nD. Organ',6,'2024-12-28 04:23:43.532000'),(50,NULL,'[{\"id\": 1, \"answer\": \"A. Alexander Fleming\", \"isTrue\": true}, {\"id\": 2, \"answer\": \"B. Marie Curie\", \"isTrue\": false}, {\"id\": 3, \"answer\": \"C. Albert Einstein\", \"isTrue\": false}, {\"id\": 4, \"answer\": \"D. Isaac Newton\", \"isTrue\": false}]',716,'2024-12-28 04:23:43.542000','Who discovered penicillin?\n\nA. Alexander Fleming\n\nB. Marie Curie\n\nC. Albert Einstein\n\nD. Isaac Newton',6,'2024-12-28 04:23:43.542000'),(51,NULL,'[{\"id\": 1, \"answer\": \"A. Charles Dickens\", \"isTrue\": false}, {\"id\": 2, \"answer\": \"B. Mark Twain\", \"isTrue\": false}, {\"id\": 3, \"answer\": \"C. William Shakespeare\", \"isTrue\": true}, {\"id\": 4, \"answer\": \"D. Jane Austen\", \"isTrue\": false}]',713,'2024-12-28 04:23:43.550000','Who wrote \"Hamlet\"?\n\nA. Charles Dickens\n\nB. Mark Twain\n\nC. William Shakespeare\n\nD. Jane Austen',6,'2024-12-28 04:23:43.550000'),(52,NULL,'[{\"id\": 1, \"answer\": \"A. Alan Turing\", \"isTrue\": false}, {\"id\": 2, \"answer\": \"B. Charles Babbage\", \"isTrue\": true}, {\"id\": 3, \"answer\": \"C. Thomas Edison\", \"isTrue\": false}, {\"id\": 4, \"answer\": \"D. Steve Jobs\", \"isTrue\": false}]',718,'2024-12-28 04:23:43.560000','Who is known as the \"Father of Computers\"?\n\nA. Alan Turing\n\nB. Charles Babbage\n\nC. Thomas Edison\n\nD. Steve Jobs',6,'2024-12-28 04:23:43.560000'),(53,NULL,'[{\"id\": 1, \"answer\": \"A. Leonardo da Vinci\", \"isTrue\": true}, {\"id\": 2, \"answer\": \"B. Vincent van Gogh\", \"isTrue\": false}, {\"id\": 3, \"answer\": \"C. Pablo Picasso\", \"isTrue\": false}, {\"id\": 4, \"answer\": \"D. Claude Monet\", \"isTrue\": false}]',710,'2024-12-28 04:23:43.571000','Who painted the Mona Lisa?\n\nA. Leonardo da Vinci\n\nB. Vincent van Gogh\n\nC. Pablo Picasso\n\nD. Claude Monet',6,'2024-12-28 04:23:43.571000'),(54,NULL,'[{\"id\": 1, \"answer\": \"A. Amazon River\", \"isTrue\": false}, {\"id\": 2, \"answer\": \"B. Nile River\", \"isTrue\": true}, {\"id\": 3, \"answer\": \"C. Yangtze River\", \"isTrue\": false}, {\"id\": 4, \"answer\": \"D. Mississippi River\", \"isTrue\": false}]',717,'2024-12-28 04:40:20.961000','What is the longest river in the world?\n\nA. Amazon River\n\nB. Nile River\n\nC. Yangtze River\n\nD. Mississippi River',7,'2024-12-28 04:40:20.961000'),(55,NULL,'[{\"id\": 1, \"answer\": \"A. Charles Dickens\", \"isTrue\": false}, {\"id\": 2, \"answer\": \"B. Mark Twain\", \"isTrue\": false}, {\"id\": 3, \"answer\": \"C. William Shakespeare\", \"isTrue\": true}, {\"id\": 4, \"answer\": \"D. Jane Austen\", \"isTrue\": false}]',713,'2024-12-28 04:40:20.976000','Who wrote \"Hamlet\"?\n\nA. Charles Dickens\n\nB. Mark Twain\n\nC. William Shakespeare\n\nD. Jane Austen',7,'2024-12-28 04:40:20.976000'),(56,NULL,'[{\"id\": 1, \"answer\": \"A. Alan Turing\", \"isTrue\": false}, {\"id\": 2, \"answer\": \"B. Charles Babbage\", \"isTrue\": true}, {\"id\": 3, \"answer\": \"C. Thomas Edison\", \"isTrue\": false}, {\"id\": 4, \"answer\": \"D. Steve Jobs\", \"isTrue\": false}]',718,'2024-12-28 04:40:20.985000','Who is known as the \"Father of Computers\"?\n\nA. Alan Turing\n\nB. Charles Babbage\n\nC. Thomas Edison\n\nD. Steve Jobs',7,'2024-12-28 04:40:20.985000'),(57,NULL,'[{\"id\": 1, \"answer\": \"A. Atom\", \"isTrue\": false}, {\"id\": 2, \"answer\": \"B. Molecule\", \"isTrue\": false}, {\"id\": 3, \"answer\": \"C. Cell\", \"isTrue\": true}, {\"id\": 4, \"answer\": \"D. Organ\", \"isTrue\": false}]',719,'2024-12-28 04:40:20.993000','What is the smallest unit of life?\n\nA. Atom\n\nB. Molecule\n\nC. Cell\n\nD. Organ',7,'2024-12-28 04:40:20.993000'),(58,NULL,'[{\"id\": 1, \"answer\": \"A. Alexander Fleming\", \"isTrue\": true}, {\"id\": 2, \"answer\": \"B. Marie Curie\", \"isTrue\": false}, {\"id\": 3, \"answer\": \"C. Albert Einstein\", \"isTrue\": false}, {\"id\": 4, \"answer\": \"D. Isaac Newton\", \"isTrue\": false}]',716,'2024-12-28 04:40:21.002000','Who discovered penicillin?\n\nA. Alexander Fleming\n\nB. Marie Curie\n\nC. Albert Einstein\n\nD. Isaac Newton',7,'2024-12-28 04:40:21.002000'),(59,NULL,'[{\"id\": 1, \"answer\": \"A. Madrid\", \"isTrue\": false}, {\"id\": 2, \"answer\": \"B. Paris\", \"isTrue\": true}, {\"id\": 3, \"answer\": \"C. Rome\", \"isTrue\": false}, {\"id\": 4, \"answer\": \"D. Berlin\", \"isTrue\": false}]',711,'2024-12-28 04:40:21.013000','What is the capital city of France?\n\nA. Madrid\n\nB. Paris\n\nC. Rome\n\nD. Berlin',7,'2024-12-28 04:40:21.013000'),(60,NULL,'[{\"id\": 1, \"answer\": \"A. Leonardo da Vinci\", \"isTrue\": true}, {\"id\": 2, \"answer\": \"B. Vincent van Gogh\", \"isTrue\": false}, {\"id\": 3, \"answer\": \"C. Pablo Picasso\", \"isTrue\": false}, {\"id\": 4, \"answer\": \"D. Claude Monet\", \"isTrue\": false}]',710,'2024-12-28 04:40:21.026000','Who painted the Mona Lisa?\n\nA. Leonardo da Vinci\n\nB. Vincent van Gogh\n\nC. Pablo Picasso\n\nD. Claude Monet',7,'2024-12-28 04:40:21.026000'),(61,NULL,'[{\"id\": 1, \"answer\": \"A. Hydrogen\", \"isTrue\": true}, {\"id\": 2, \"answer\": \"B. Helium\", \"isTrue\": false}, {\"id\": 3, \"answer\": \"C. Oxygen\", \"isTrue\": false}, {\"id\": 4, \"answer\": \"D. Carbon\", \"isTrue\": false}]',715,'2024-12-28 04:40:21.037000','Which element has the atomic number 1?\n\nA. Hydrogen\n\nB. Helium\n\nC. Oxygen\n\nD. Carbon',7,'2024-12-28 04:40:21.037000'),(62,NULL,'[{\"id\": 1, \"answer\": \"A. H₂O\", \"isTrue\": true}, {\"id\": 2, \"answer\": \"B. O₂\", \"isTrue\": false}, {\"id\": 3, \"answer\": \"C. CO₂\", \"isTrue\": false}, {\"id\": 4, \"answer\": \"D. NH₃\", \"isTrue\": false}]',712,'2024-12-28 04:40:21.046000','What is the chemical symbol for water?\n\nA. H₂O\n\nB. O₂\n\nC. CO₂\n\nD. NH₃',7,'2024-12-28 04:40:21.046000'),(63,NULL,'[{\"id\": 1, \"answer\": \"A. Earth\", \"isTrue\": false}, {\"id\": 2, \"answer\": \"B. Venus\", \"isTrue\": false}, {\"id\": 3, \"answer\": \"C. Jupiter\", \"isTrue\": true}, {\"id\": 4, \"answer\": \"D. Mars\", \"isTrue\": false}]',714,'2024-12-28 04:45:59.332000','What is the largest planet in our solar system?\n\nA. Earth\n\nB. Venus\n\nC. Jupiter\n\nD. Mars',8,'2024-12-28 04:45:59.332000'),(64,NULL,'[{\"id\": 1, \"answer\": \"A. Amazon River\", \"isTrue\": false}, {\"id\": 2, \"answer\": \"B. Nile River\", \"isTrue\": true}, {\"id\": 3, \"answer\": \"C. Yangtze River\", \"isTrue\": false}, {\"id\": 4, \"answer\": \"D. Mississippi River\", \"isTrue\": false}]',717,'2024-12-28 04:45:59.345000','What is the longest river in the world?\n\nA. Amazon River\n\nB. Nile River\n\nC. Yangtze River\n\nD. Mississippi River',8,'2024-12-28 04:45:59.345000'),(65,NULL,'[{\"id\": 1, \"answer\": \"A. Alexander Fleming\", \"isTrue\": true}, {\"id\": 2, \"answer\": \"B. Marie Curie\", \"isTrue\": false}, {\"id\": 3, \"answer\": \"C. Albert Einstein\", \"isTrue\": false}, {\"id\": 4, \"answer\": \"D. Isaac Newton\", \"isTrue\": false}]',716,'2024-12-28 04:45:59.354000','Who discovered penicillin?\n\nA. Alexander Fleming\n\nB. Marie Curie\n\nC. Albert Einstein\n\nD. Isaac Newton',8,'2024-12-28 04:45:59.354000'),(66,NULL,'[{\"id\": 1, \"answer\": \"A. Leonardo da Vinci\", \"isTrue\": true}, {\"id\": 2, \"answer\": \"B. Vincent van Gogh\", \"isTrue\": false}, {\"id\": 3, \"answer\": \"C. Pablo Picasso\", \"isTrue\": false}, {\"id\": 4, \"answer\": \"D. Claude Monet\", \"isTrue\": false}]',710,'2024-12-28 04:45:59.363000','Who painted the Mona Lisa?\n\nA. Leonardo da Vinci\n\nB. Vincent van Gogh\n\nC. Pablo Picasso\n\nD. Claude Monet',8,'2024-12-28 04:45:59.363000'),(67,NULL,'[{\"id\": 1, \"answer\": \"A. Madrid\", \"isTrue\": false}, {\"id\": 2, \"answer\": \"B. Paris\", \"isTrue\": true}, {\"id\": 3, \"answer\": \"C. Rome\", \"isTrue\": false}, {\"id\": 4, \"answer\": \"D. Berlin\", \"isTrue\": false}]',711,'2024-12-28 04:45:59.370000','What is the capital city of France?\n\nA. Madrid\n\nB. Paris\n\nC. Rome\n\nD. Berlin',8,'2024-12-28 04:45:59.370000'),(68,NULL,'[{\"id\": 1, \"answer\": \"A. H₂O\", \"isTrue\": true}, {\"id\": 2, \"answer\": \"B. O₂\", \"isTrue\": false}, {\"id\": 3, \"answer\": \"C. CO₂\", \"isTrue\": false}, {\"id\": 4, \"answer\": \"D. NH₃\", \"isTrue\": false}]',712,'2024-12-28 04:45:59.379000','What is the chemical symbol for water?\n\nA. H₂O\n\nB. O₂\n\nC. CO₂\n\nD. NH₃',8,'2024-12-28 04:45:59.379000'),(69,NULL,'[{\"id\": 1, \"answer\": \"A. Atom\", \"isTrue\": false}, {\"id\": 2, \"answer\": \"B. Molecule\", \"isTrue\": false}, {\"id\": 3, \"answer\": \"C. Cell\", \"isTrue\": true}, {\"id\": 4, \"answer\": \"D. Organ\", \"isTrue\": false}]',719,'2024-12-28 04:45:59.387000','What is the smallest unit of life?\n\nA. Atom\n\nB. Molecule\n\nC. Cell\n\nD. Organ',8,'2024-12-28 04:45:59.387000'),(70,NULL,'[{\"id\": 1, \"answer\": \"A. Hydrogen\", \"isTrue\": true}, {\"id\": 2, \"answer\": \"B. Helium\", \"isTrue\": false}, {\"id\": 3, \"answer\": \"C. Oxygen\", \"isTrue\": false}, {\"id\": 4, \"answer\": \"D. Carbon\", \"isTrue\": false}]',715,'2024-12-28 04:45:59.394000','Which element has the atomic number 1?\n\nA. Hydrogen\n\nB. Helium\n\nC. Oxygen\n\nD. Carbon',8,'2024-12-28 04:45:59.394000'),(71,NULL,'[{\"id\": 1, \"answer\": \"A. Alan Turing\", \"isTrue\": false}, {\"id\": 2, \"answer\": \"B. Charles Babbage\", \"isTrue\": true}, {\"id\": 3, \"answer\": \"C. Thomas Edison\", \"isTrue\": false}, {\"id\": 4, \"answer\": \"D. Steve Jobs\", \"isTrue\": false}]',718,'2024-12-28 04:45:59.406000','Who is known as the \"Father of Computers\"?\n\nA. Alan Turing\n\nB. Charles Babbage\n\nC. Thomas Edison\n\nD. Steve Jobs',8,'2024-12-28 04:45:59.406000'),(72,NULL,'[{\"id\": 1, \"answer\": \"A. Atom\", \"isTrue\": false}, {\"id\": 2, \"answer\": \"B. Molecule\", \"isTrue\": false}, {\"id\": 3, \"answer\": \"C. Cell\", \"isTrue\": true}, {\"id\": 4, \"answer\": \"D. Organ\", \"isTrue\": false}]',719,'2024-12-28 04:50:48.251000','What is the smallest unit of life?\n\nA. Atom\n\nB. Molecule\n\nC. Cell\n\nD. Organ',9,'2024-12-28 04:50:48.251000'),(73,NULL,'[{\"id\": 1, \"answer\": \"A. Leonardo da Vinci\", \"isTrue\": true}, {\"id\": 2, \"answer\": \"B. Vincent van Gogh\", \"isTrue\": false}, {\"id\": 3, \"answer\": \"C. Pablo Picasso\", \"isTrue\": false}, {\"id\": 4, \"answer\": \"D. Claude Monet\", \"isTrue\": false}]',710,'2024-12-28 04:50:48.264000','Who painted the Mona Lisa?\n\nA. Leonardo da Vinci\n\nB. Vincent van Gogh\n\nC. Pablo Picasso\n\nD. Claude Monet',9,'2024-12-28 04:50:48.264000'),(74,NULL,'[{\"id\": 1, \"answer\": \"A. Hydrogen\", \"isTrue\": true}, {\"id\": 2, \"answer\": \"B. Helium\", \"isTrue\": false}, {\"id\": 3, \"answer\": \"C. Oxygen\", \"isTrue\": false}, {\"id\": 4, \"answer\": \"D. Carbon\", \"isTrue\": false}]',715,'2024-12-28 04:50:48.275000','Which element has the atomic number 1?\n\nA. Hydrogen\n\nB. Helium\n\nC. Oxygen\n\nD. Carbon',9,'2024-12-28 04:50:48.275000'),(75,NULL,'[{\"id\": 1, \"answer\": \"A. Alexander Fleming\", \"isTrue\": true}, {\"id\": 2, \"answer\": \"B. Marie Curie\", \"isTrue\": false}, {\"id\": 3, \"answer\": \"C. Albert Einstein\", \"isTrue\": false}, {\"id\": 4, \"answer\": \"D. Isaac Newton\", \"isTrue\": false}]',716,'2024-12-28 04:50:48.284000','Who discovered penicillin?\n\nA. Alexander Fleming\n\nB. Marie Curie\n\nC. Albert Einstein\n\nD. Isaac Newton',9,'2024-12-28 04:50:48.284000'),(76,NULL,'[{\"id\": 1, \"answer\": \"A. Madrid\", \"isTrue\": false}, {\"id\": 2, \"answer\": \"B. Paris\", \"isTrue\": true}, {\"id\": 3, \"answer\": \"C. Rome\", \"isTrue\": false}, {\"id\": 4, \"answer\": \"D. Berlin\", \"isTrue\": false}]',711,'2024-12-28 04:50:48.294000','What is the capital city of France?\n\nA. Madrid\n\nB. Paris\n\nC. Rome\n\nD. Berlin',9,'2024-12-28 04:50:48.294000'),(77,NULL,'[{\"id\": 1, \"answer\": \"A. Earth\", \"isTrue\": false}, {\"id\": 2, \"answer\": \"B. Venus\", \"isTrue\": false}, {\"id\": 3, \"answer\": \"C. Jupiter\", \"isTrue\": true}, {\"id\": 4, \"answer\": \"D. Mars\", \"isTrue\": false}]',714,'2024-12-28 04:50:48.304000','What is the largest planet in our solar system?\n\nA. Earth\n\nB. Venus\n\nC. Jupiter\n\nD. Mars',9,'2024-12-28 04:50:48.304000'),(78,NULL,'[{\"id\": 1, \"answer\": \"A. Alan Turing\", \"isTrue\": false}, {\"id\": 2, \"answer\": \"B. Charles Babbage\", \"isTrue\": true}, {\"id\": 3, \"answer\": \"C. Thomas Edison\", \"isTrue\": false}, {\"id\": 4, \"answer\": \"D. Steve Jobs\", \"isTrue\": false}]',718,'2024-12-28 04:50:48.361000','Who is known as the \"Father of Computers\"?\n\nA. Alan Turing\n\nB. Charles Babbage\n\nC. Thomas Edison\n\nD. Steve Jobs',9,'2024-12-28 04:50:48.361000'),(79,NULL,'[{\"id\": 1, \"answer\": \"A. H₂O\", \"isTrue\": true}, {\"id\": 2, \"answer\": \"B. O₂\", \"isTrue\": false}, {\"id\": 3, \"answer\": \"C. CO₂\", \"isTrue\": false}, {\"id\": 4, \"answer\": \"D. NH₃\", \"isTrue\": false}]',712,'2024-12-28 04:50:48.369000','What is the chemical symbol for water?\n\nA. H₂O\n\nB. O₂\n\nC. CO₂\n\nD. NH₃',9,'2024-12-28 04:50:48.369000'),(80,NULL,'[{\"id\": 1, \"answer\": \"A. Charles Dickens\", \"isTrue\": false}, {\"id\": 2, \"answer\": \"B. Mark Twain\", \"isTrue\": false}, {\"id\": 3, \"answer\": \"C. William Shakespeare\", \"isTrue\": true}, {\"id\": 4, \"answer\": \"D. Jane Austen\", \"isTrue\": false}]',713,'2024-12-28 04:50:48.381000','Who wrote \"Hamlet\"?\n\nA. Charles Dickens\n\nB. Mark Twain\n\nC. William Shakespeare\n\nD. Jane Austen',9,'2024-12-28 04:50:48.381000'),(81,NULL,'[{\"id\": 1, \"answer\": \"A. Leonardo da Vinci\", \"isTrue\": true}, {\"id\": 2, \"answer\": \"B. Vincent van Gogh\", \"isTrue\": false}, {\"id\": 3, \"answer\": \"C. Pablo Picasso\", \"isTrue\": false}, {\"id\": 4, \"answer\": \"D. Claude Monet\", \"isTrue\": false}]',710,'2024-12-28 04:52:39.853000','Who painted the Mona Lisa?\n\nA. Leonardo da Vinci\n\nB. Vincent van Gogh\n\nC. Pablo Picasso\n\nD. Claude Monet',10,'2024-12-28 04:52:39.853000'),(82,NULL,'[{\"id\": 1, \"answer\": \"A. Atom\", \"isTrue\": false}, {\"id\": 2, \"answer\": \"B. Molecule\", \"isTrue\": false}, {\"id\": 3, \"answer\": \"C. Cell\", \"isTrue\": true}, {\"id\": 4, \"answer\": \"D. Organ\", \"isTrue\": false}]',719,'2024-12-28 04:52:39.899000','What is the smallest unit of life?\n\nA. Atom\n\nB. Molecule\n\nC. Cell\n\nD. Organ',10,'2024-12-28 04:52:39.899000'),(83,NULL,'[{\"id\": 1, \"answer\": \"A. Alan Turing\", \"isTrue\": false}, {\"id\": 2, \"answer\": \"B. Charles Babbage\", \"isTrue\": true}, {\"id\": 3, \"answer\": \"C. Thomas Edison\", \"isTrue\": false}, {\"id\": 4, \"answer\": \"D. Steve Jobs\", \"isTrue\": false}]',718,'2024-12-28 04:52:39.907000','Who is known as the \"Father of Computers\"?\n\nA. Alan Turing\n\nB. Charles Babbage\n\nC. Thomas Edison\n\nD. Steve Jobs',10,'2024-12-28 04:52:39.907000'),(84,NULL,'[{\"id\": 1, \"answer\": \"A. Alexander Fleming\", \"isTrue\": true}, {\"id\": 2, \"answer\": \"B. Marie Curie\", \"isTrue\": false}, {\"id\": 3, \"answer\": \"C. Albert Einstein\", \"isTrue\": false}, {\"id\": 4, \"answer\": \"D. Isaac Newton\", \"isTrue\": false}]',716,'2024-12-28 04:52:39.916000','Who discovered penicillin?\n\nA. Alexander Fleming\n\nB. Marie Curie\n\nC. Albert Einstein\n\nD. Isaac Newton',10,'2024-12-28 04:52:39.916000'),(85,NULL,'[{\"id\": 1, \"answer\": \"A. Earth\", \"isTrue\": false}, {\"id\": 2, \"answer\": \"B. Venus\", \"isTrue\": false}, {\"id\": 3, \"answer\": \"C. Jupiter\", \"isTrue\": true}, {\"id\": 4, \"answer\": \"D. Mars\", \"isTrue\": false}]',714,'2024-12-28 04:52:39.924000','What is the largest planet in our solar system?\n\nA. Earth\n\nB. Venus\n\nC. Jupiter\n\nD. Mars',10,'2024-12-28 04:52:39.924000'),(86,NULL,'[{\"id\": 1, \"answer\": \"A. Hydrogen\", \"isTrue\": true}, {\"id\": 2, \"answer\": \"B. Helium\", \"isTrue\": false}, {\"id\": 3, \"answer\": \"C. Oxygen\", \"isTrue\": false}, {\"id\": 4, \"answer\": \"D. Carbon\", \"isTrue\": false}]',715,'2024-12-28 04:52:39.938000','Which element has the atomic number 1?\n\nA. Hydrogen\n\nB. Helium\n\nC. Oxygen\n\nD. Carbon',10,'2024-12-28 04:52:39.938000'),(87,NULL,'[{\"id\": 1, \"answer\": \"A. H₂O\", \"isTrue\": true}, {\"id\": 2, \"answer\": \"B. O₂\", \"isTrue\": false}, {\"id\": 3, \"answer\": \"C. CO₂\", \"isTrue\": false}, {\"id\": 4, \"answer\": \"D. NH₃\", \"isTrue\": false}]',712,'2024-12-28 04:52:39.946000','What is the chemical symbol for water?\n\nA. H₂O\n\nB. O₂\n\nC. CO₂\n\nD. NH₃',10,'2024-12-28 04:52:39.946000'),(88,NULL,'[{\"id\": 1, \"answer\": \"A. Madrid\", \"isTrue\": false}, {\"id\": 2, \"answer\": \"B. Paris\", \"isTrue\": true}, {\"id\": 3, \"answer\": \"C. Rome\", \"isTrue\": false}, {\"id\": 4, \"answer\": \"D. Berlin\", \"isTrue\": false}]',711,'2024-12-28 04:52:39.958000','What is the capital city of France?\n\nA. Madrid\n\nB. Paris\n\nC. Rome\n\nD. Berlin',10,'2024-12-28 04:52:39.958000'),(89,NULL,'[{\"id\": 1, \"answer\": \"A. Amazon River\", \"isTrue\": false}, {\"id\": 2, \"answer\": \"B. Nile River\", \"isTrue\": true}, {\"id\": 3, \"answer\": \"C. Yangtze River\", \"isTrue\": false}, {\"id\": 4, \"answer\": \"D. Mississippi River\", \"isTrue\": false}]',717,'2024-12-28 04:52:39.966000','What is the longest river in the world?\n\nA. Amazon River\n\nB. Nile River\n\nC. Yangtze River\n\nD. Mississippi River',10,'2024-12-28 04:52:39.966000'),(90,NULL,'[{\"id\": 1, \"answer\": \"A. Alexander Fleming\", \"isTrue\": true}, {\"id\": 2, \"answer\": \"B. Marie Curie\", \"isTrue\": false}, {\"id\": 3, \"answer\": \"C. Albert Einstein\", \"isTrue\": false}, {\"id\": 4, \"answer\": \"D. Isaac Newton\", \"isTrue\": false}]',716,'2024-12-28 04:56:22.957000','Who discovered penicillin?\n\nA. Alexander Fleming\n\nB. Marie Curie\n\nC. Albert Einstein\n\nD. Isaac Newton',11,'2024-12-28 04:56:22.957000'),(91,NULL,'[{\"id\": 1, \"answer\": \"A. Earth\", \"isTrue\": false}, {\"id\": 2, \"answer\": \"B. Venus\", \"isTrue\": false}, {\"id\": 3, \"answer\": \"C. Jupiter\", \"isTrue\": true}, {\"id\": 4, \"answer\": \"D. Mars\", \"isTrue\": false}]',714,'2024-12-28 04:56:22.997000','What is the largest planet in our solar system?\n\nA. Earth\n\nB. Venus\n\nC. Jupiter\n\nD. Mars',11,'2024-12-28 04:56:22.997000'),(92,NULL,'[{\"id\": 1, \"answer\": \"A. Charles Dickens\", \"isTrue\": false}, {\"id\": 2, \"answer\": \"B. Mark Twain\", \"isTrue\": false}, {\"id\": 3, \"answer\": \"C. William Shakespeare\", \"isTrue\": true}, {\"id\": 4, \"answer\": \"D. Jane Austen\", \"isTrue\": false}]',713,'2024-12-28 04:56:23.005000','Who wrote \"Hamlet\"?\n\nA. Charles Dickens\n\nB. Mark Twain\n\nC. William Shakespeare\n\nD. Jane Austen',11,'2024-12-28 04:56:23.005000'),(93,NULL,'[{\"id\": 1, \"answer\": \"A. H₂O\", \"isTrue\": true}, {\"id\": 2, \"answer\": \"B. O₂\", \"isTrue\": false}, {\"id\": 3, \"answer\": \"C. CO₂\", \"isTrue\": false}, {\"id\": 4, \"answer\": \"D. NH₃\", \"isTrue\": false}]',712,'2024-12-28 04:56:23.015000','What is the chemical symbol for water?\n\nA. H₂O\n\nB. O₂\n\nC. CO₂\n\nD. NH₃',11,'2024-12-28 04:56:23.015000'),(94,NULL,'[{\"id\": 1, \"answer\": \"A. Hydrogen\", \"isTrue\": true}, {\"id\": 2, \"answer\": \"B. Helium\", \"isTrue\": false}, {\"id\": 3, \"answer\": \"C. Oxygen\", \"isTrue\": false}, {\"id\": 4, \"answer\": \"D. Carbon\", \"isTrue\": false}]',715,'2024-12-28 04:56:23.022000','Which element has the atomic number 1?\n\nA. Hydrogen\n\nB. Helium\n\nC. Oxygen\n\nD. Carbon',11,'2024-12-28 04:56:23.022000'),(95,NULL,'[{\"id\": 1, \"answer\": \"A. Leonardo da Vinci\", \"isTrue\": true}, {\"id\": 2, \"answer\": \"B. Vincent van Gogh\", \"isTrue\": false}, {\"id\": 3, \"answer\": \"C. Pablo Picasso\", \"isTrue\": false}, {\"id\": 4, \"answer\": \"D. Claude Monet\", \"isTrue\": false}]',710,'2024-12-28 04:56:23.033000','Who painted the Mona Lisa?\n\nA. Leonardo da Vinci\n\nB. Vincent van Gogh\n\nC. Pablo Picasso\n\nD. Claude Monet',11,'2024-12-28 04:56:23.033000'),(96,NULL,'[{\"id\": 1, \"answer\": \"A. Alan Turing\", \"isTrue\": false}, {\"id\": 2, \"answer\": \"B. Charles Babbage\", \"isTrue\": true}, {\"id\": 3, \"answer\": \"C. Thomas Edison\", \"isTrue\": false}, {\"id\": 4, \"answer\": \"D. Steve Jobs\", \"isTrue\": false}]',718,'2024-12-28 04:56:23.041000','Who is known as the \"Father of Computers\"?\n\nA. Alan Turing\n\nB. Charles Babbage\n\nC. Thomas Edison\n\nD. Steve Jobs',11,'2024-12-28 04:56:23.041000'),(97,NULL,'[{\"id\": 1, \"answer\": \"A. Madrid\", \"isTrue\": false}, {\"id\": 2, \"answer\": \"B. Paris\", \"isTrue\": true}, {\"id\": 3, \"answer\": \"C. Rome\", \"isTrue\": false}, {\"id\": 4, \"answer\": \"D. Berlin\", \"isTrue\": false}]',711,'2024-12-28 04:56:23.050000','What is the capital city of France?\n\nA. Madrid\n\nB. Paris\n\nC. Rome\n\nD. Berlin',11,'2024-12-28 04:56:23.050000'),(98,NULL,'[{\"id\": 1, \"answer\": \"A. Atom\", \"isTrue\": false}, {\"id\": 2, \"answer\": \"B. Molecule\", \"isTrue\": false}, {\"id\": 3, \"answer\": \"C. Cell\", \"isTrue\": true}, {\"id\": 4, \"answer\": \"D. Organ\", \"isTrue\": false}]',719,'2024-12-28 04:56:23.057000','What is the smallest unit of life?\n\nA. Atom\n\nB. Molecule\n\nC. Cell\n\nD. Organ',11,'2024-12-28 04:56:23.057000'),(99,NULL,'[{\"id\": 1, \"answer\": \"A. Alan Turing\", \"isTrue\": false}, {\"id\": 2, \"answer\": \"B. Charles Babbage\", \"isTrue\": true}, {\"id\": 3, \"answer\": \"C. Thomas Edison\", \"isTrue\": false}, {\"id\": 4, \"answer\": \"D. Steve Jobs\", \"isTrue\": false}]',718,'2024-12-28 05:46:10.541000','Who is known as the \"Father of Computers\"?\n\nA. Alan Turing\n\nB. Charles Babbage\n\nC. Thomas Edison\n\nD. Steve Jobs',12,'2024-12-28 05:46:10.541000'),(100,NULL,'[{\"id\": 1, \"answer\": \"A. Hydrogen\", \"isTrue\": true}, {\"id\": 2, \"answer\": \"B. Helium\", \"isTrue\": false}, {\"id\": 3, \"answer\": \"C. Oxygen\", \"isTrue\": false}, {\"id\": 4, \"answer\": \"D. Carbon\", \"isTrue\": false}]',715,'2024-12-28 05:46:10.562000','Which element has the atomic number 1?\n\nA. Hydrogen\n\nB. Helium\n\nC. Oxygen\n\nD. Carbon',12,'2024-12-28 05:46:10.562000'),(101,NULL,'[{\"id\": 1, \"answer\": \"A. Charles Dickens\", \"isTrue\": false}, {\"id\": 2, \"answer\": \"B. Mark Twain\", \"isTrue\": false}, {\"id\": 3, \"answer\": \"C. William Shakespeare\", \"isTrue\": true}, {\"id\": 4, \"answer\": \"D. Jane Austen\", \"isTrue\": false}]',713,'2024-12-28 05:46:10.569000','Who wrote \"Hamlet\"?\n\nA. Charles Dickens\n\nB. Mark Twain\n\nC. William Shakespeare\n\nD. Jane Austen',12,'2024-12-28 05:46:10.569000'),(102,NULL,'[{\"id\": 1, \"answer\": \"A. H₂O\", \"isTrue\": true}, {\"id\": 2, \"answer\": \"B. O₂\", \"isTrue\": false}, {\"id\": 3, \"answer\": \"C. CO₂\", \"isTrue\": false}, {\"id\": 4, \"answer\": \"D. NH₃\", \"isTrue\": false}]',712,'2024-12-28 06:12:05.528000','What is the chemical symbol for water?\n\nA. H₂O\n\nB. O₂\n\nC. CO₂\n\nD. NH₃',13,'2024-12-28 06:12:05.528000'),(103,NULL,'[{\"id\": 1, \"answer\": \"A. Leonardo da Vinci\", \"isTrue\": true}, {\"id\": 2, \"answer\": \"B. Vincent van Gogh\", \"isTrue\": false}, {\"id\": 3, \"answer\": \"C. Pablo Picasso\", \"isTrue\": false}, {\"id\": 4, \"answer\": \"D. Claude Monet\", \"isTrue\": false}]',710,'2024-12-28 06:12:05.543000','Who painted the Mona Lisa?\n\nA. Leonardo da Vinci\n\nB. Vincent van Gogh\n\nC. Pablo Picasso\n\nD. Claude Monet',13,'2024-12-28 06:12:05.543000'),(104,NULL,'[{\"id\": 1, \"answer\": \"A. Atom\", \"isTrue\": false}, {\"id\": 2, \"answer\": \"B. Molecule\", \"isTrue\": false}, {\"id\": 3, \"answer\": \"C. Cell\", \"isTrue\": true}, {\"id\": 4, \"answer\": \"D. Organ\", \"isTrue\": false}]',719,'2024-12-28 06:12:05.554000','What is the smallest unit of life?\n\nA. Atom\n\nB. Molecule\n\nC. Cell\n\nD. Organ',13,'2024-12-28 06:12:05.554000'),(105,NULL,'[{\"id\": 1, \"answer\": \"A. Charles Dickens\", \"isTrue\": false}, {\"id\": 2, \"answer\": \"B. Mark Twain\", \"isTrue\": false}, {\"id\": 3, \"answer\": \"C. William Shakespeare\", \"isTrue\": true}, {\"id\": 4, \"answer\": \"D. Jane Austen\", \"isTrue\": false}]',713,'2024-12-28 06:20:05.730000','Who wrote \"Hamlet\"?\n\nA. Charles Dickens\n\nB. Mark Twain\n\nC. William Shakespeare\n\nD. Jane Austen',14,'2024-12-28 06:20:05.730000'),(106,NULL,'[{\"id\": 1, \"answer\": \"A. Atom\", \"isTrue\": false}, {\"id\": 2, \"answer\": \"B. Molecule\", \"isTrue\": false}, {\"id\": 3, \"answer\": \"C. Cell\", \"isTrue\": true}, {\"id\": 4, \"answer\": \"D. Organ\", \"isTrue\": false}]',719,'2024-12-28 06:20:05.764000','What is the smallest unit of life?\n\nA. Atom\n\nB. Molecule\n\nC. Cell\n\nD. Organ',14,'2024-12-28 06:20:05.764000'),(107,NULL,'[{\"id\": 1, \"answer\": \"A. H₂O\", \"isTrue\": true}, {\"id\": 2, \"answer\": \"B. O₂\", \"isTrue\": false}, {\"id\": 3, \"answer\": \"C. CO₂\", \"isTrue\": false}, {\"id\": 4, \"answer\": \"D. NH₃\", \"isTrue\": false}]',712,'2024-12-28 06:20:05.772000','What is the chemical symbol for water?\n\nA. H₂O\n\nB. O₂\n\nC. CO₂\n\nD. NH₃',14,'2024-12-28 06:20:05.772000'),(108,NULL,'[{\"id\": 1, \"answer\": \"A. Atom\", \"isTrue\": false}, {\"id\": 2, \"answer\": \"B. Molecule\", \"isTrue\": false}, {\"id\": 3, \"answer\": \"C. Cell\", \"isTrue\": true}, {\"id\": 4, \"answer\": \"D. Organ\", \"isTrue\": false}]',719,'2024-12-28 06:41:17.022000','What is the smallest unit of life?\n\nA. Atom\n\nB. Molecule\n\nC. Cell\n\nD. Organ',15,'2024-12-28 06:41:17.022000'),(109,NULL,'[{\"id\": 1, \"answer\": \"A. Hydrogen\", \"isTrue\": true}, {\"id\": 2, \"answer\": \"B. Helium\", \"isTrue\": false}, {\"id\": 3, \"answer\": \"C. Oxygen\", \"isTrue\": false}, {\"id\": 4, \"answer\": \"D. Carbon\", \"isTrue\": false}]',715,'2024-12-28 06:41:17.029000','Which element has the atomic number 1?\n\nA. Hydrogen\n\nB. Helium\n\nC. Oxygen\n\nD. Carbon',15,'2024-12-28 06:41:17.029000'),(110,NULL,'[{\"id\": 1, \"answer\": \"A. Earth\", \"isTrue\": false}, {\"id\": 2, \"answer\": \"B. Venus\", \"isTrue\": false}, {\"id\": 3, \"answer\": \"C. Jupiter\", \"isTrue\": true}, {\"id\": 4, \"answer\": \"D. Mars\", \"isTrue\": false}]',714,'2024-12-28 06:41:17.039000','What is the largest planet in our solar system?\n\nA. Earth\n\nB. Venus\n\nC. Jupiter\n\nD. Mars',15,'2024-12-28 06:41:17.039000'),(111,NULL,'[{\"id\": 1, \"answer\": \"A. Leonardo da Vinci\", \"isTrue\": true}, {\"id\": 2, \"answer\": \"B. Vincent van Gogh\", \"isTrue\": false}, {\"id\": 3, \"answer\": \"C. Pablo Picasso\", \"isTrue\": false}, {\"id\": 4, \"answer\": \"D. Claude Monet\", \"isTrue\": false}]',710,'2024-12-28 06:42:15.506000','Who painted the Mona Lisa?\n\nA. Leonardo da Vinci\n\nB. Vincent van Gogh\n\nC. Pablo Picasso\n\nD. Claude Monet',16,'2024-12-28 06:42:15.506000'),(112,NULL,'[{\"id\": 1, \"answer\": \"A. Earth\", \"isTrue\": false}, {\"id\": 2, \"answer\": \"B. Venus\", \"isTrue\": false}, {\"id\": 3, \"answer\": \"C. Jupiter\", \"isTrue\": true}, {\"id\": 4, \"answer\": \"D. Mars\", \"isTrue\": false}]',714,'2024-12-28 06:42:15.516000','What is the largest planet in our solar system?\n\nA. Earth\n\nB. Venus\n\nC. Jupiter\n\nD. Mars',16,'2024-12-28 06:42:15.516000'),(113,NULL,'[{\"id\": 1, \"answer\": \"A. Alexander Fleming\", \"isTrue\": true}, {\"id\": 2, \"answer\": \"B. Marie Curie\", \"isTrue\": false}, {\"id\": 3, \"answer\": \"C. Albert Einstein\", \"isTrue\": false}, {\"id\": 4, \"answer\": \"D. Isaac Newton\", \"isTrue\": false}]',716,'2024-12-28 06:42:15.524000','Who discovered penicillin?\n\nA. Alexander Fleming\n\nB. Marie Curie\n\nC. Albert Einstein\n\nD. Isaac Newton',16,'2024-12-28 06:42:15.524000'),(114,NULL,'[{\"id\": 1, \"answer\": \"A. Charles Dickens\", \"isTrue\": false}, {\"id\": 2, \"answer\": \"B. Mark Twain\", \"isTrue\": false}, {\"id\": 3, \"answer\": \"C. William Shakespeare\", \"isTrue\": true}, {\"id\": 4, \"answer\": \"D. Jane Austen\", \"isTrue\": false}]',713,'2024-12-28 06:42:15.531000','Who wrote \"Hamlet\"?\n\nA. Charles Dickens\n\nB. Mark Twain\n\nC. William Shakespeare\n\nD. Jane Austen',16,'2024-12-28 06:42:15.531000'),(115,NULL,'[{\"id\": 1, \"answer\": \"A. Alan Turing\", \"isTrue\": false}, {\"id\": 2, \"answer\": \"B. Charles Babbage\", \"isTrue\": true}, {\"id\": 3, \"answer\": \"C. Thomas Edison\", \"isTrue\": false}, {\"id\": 4, \"answer\": \"D. Steve Jobs\", \"isTrue\": false}]',718,'2024-12-28 06:42:15.538000','Who is known as the \"Father of Computers\"?\n\nA. Alan Turing\n\nB. Charles Babbage\n\nC. Thomas Edison\n\nD. Steve Jobs',16,'2024-12-28 06:42:15.538000'),(116,NULL,'[{\"id\": 1, \"answer\": \"B. 7\", \"isTrue\": false}, {\"id\": 2, \"answer\": \"B. 10\", \"isTrue\": false}, {\"id\": 3, \"answer\": \"A. 5\", \"isTrue\": false}, {\"id\": 4, \"answer\": \"A. 3\", \"isTrue\": true}]',695,'2024-12-28 12:19:53.543000','9 - 6 = ?\n\nA. 2\n\nB. 3\n\nC. 4\n\nD. 5',17,'2024-12-28 12:19:53.543000'),(117,NULL,'[{\"id\": 1, \"answer\": \"A. 6\", \"isTrue\": false}, {\"id\": 2, \"answer\": \"B. 7\", \"isTrue\": true}, {\"id\": 3, \"answer\": \"C. 8\", \"isTrue\": false}, {\"id\": 4, \"answer\": \"D. 9\", \"isTrue\": false}]',694,'2024-12-28 12:19:53.556000','2 + 5 = ?\n\nA. 6\n\nB. 7\n\nC. 8\n\nD. 9',17,'2024-12-28 12:19:53.556000'),(118,NULL,'[{\"id\": 1, \"answer\": \"A. 2\", \"isTrue\": false}, {\"id\": 2, \"answer\": \"B. 3\", \"isTrue\": true}, {\"id\": 3, \"answer\": \"C. 4\", \"isTrue\": false}, {\"id\": 4, \"answer\": \"D. 5\", \"isTrue\": false}]',693,'2024-12-28 12:19:53.563000','7 - 4 = ?\n\nA. 2\n\nB. 3\n\nC. 4\n\nD. 5',17,'2024-12-28 12:19:53.563000'),(119,NULL,'[{\"id\": 1, \"answer\": \"B. 10\", \"isTrue\": false}, {\"id\": 2, \"answer\": \"C. 5\", \"isTrue\": false}, {\"id\": 3, \"answer\": \"A. 5\", \"isTrue\": true}, {\"id\": 4, \"answer\": \"B. 3\", \"isTrue\": false}]',691,'2024-12-28 12:19:53.572000','8 - 3 = ?\n\nA. 4\n\nB. 5\n\nC. 6\n\nD. 7',17,'2024-12-28 12:19:53.572000'),(120,NULL,'[{\"id\": 1, \"answer\": \"A. 6\", \"isTrue\": false}, {\"id\": 2, \"answer\": \"B. 7\", \"isTrue\": true}, {\"id\": 3, \"answer\": \"C. 8\", \"isTrue\": false}, {\"id\": 4, \"answer\": \"D. 9\", \"isTrue\": false}]',688,'2024-12-28 12:19:53.580000','3 + 4 = ?\n\nA. 6\n\nB. 7\n\nC. 8\n\nD. 9',17,'2024-12-28 12:19:53.580000'),(121,NULL,'[{\"id\": 1, \"answer\": \"A. 4\", \"isTrue\": false}, {\"id\": 2, \"answer\": \"B. 5\", \"isTrue\": true}, {\"id\": 3, \"answer\": \"C. 6\", \"isTrue\": false}, {\"id\": 4, \"answer\": \"D. 7\", \"isTrue\": false}]',686,'2024-12-28 12:44:03.630000','2 + 3 = ?\n\nA. 4\n\nB. 5\n\nC. 6\n\nD. 7',18,'2024-12-28 12:44:03.630000'),(122,NULL,'[{\"id\": 1, \"answer\": \"B. 5\", \"isTrue\": false}, {\"id\": 2, \"answer\": \"B. 3\", \"isTrue\": false}, {\"id\": 3, \"answer\": \"B. 10\", \"isTrue\": false}, {\"id\": 4, \"answer\": \"A. 3\", \"isTrue\": true}]',695,'2024-12-28 12:44:03.643000','9 - 6 = ?\n\nA. 2\n\nB. 3\n\nC. 4\n\nD. 5',18,'2024-12-28 12:44:03.643000'),(123,NULL,'[{\"id\": 1, \"answer\": \"A. 9\", \"isTrue\": false}, {\"id\": 2, \"answer\": \"B. 10\", \"isTrue\": true}, {\"id\": 3, \"answer\": \"C. 11\", \"isTrue\": false}, {\"id\": 4, \"answer\": \"D. 12\", \"isTrue\": false}]',692,'2024-12-28 12:44:03.652000','4 + 6 = ?\n\nA. 9\n\nB. 10\n\nC. 11\n\nD. 12',18,'2024-12-28 12:44:03.652000'),(124,NULL,'[{\"id\": 1, \"answer\": \"A. 6\", \"isTrue\": false}, {\"id\": 2, \"answer\": \"B. 7\", \"isTrue\": true}, {\"id\": 3, \"answer\": \"C. 8\", \"isTrue\": false}, {\"id\": 4, \"answer\": \"D. 9\", \"isTrue\": false}]',688,'2024-12-28 12:45:56.571000','3 + 4 = ?\n\nA. 6\n\nB. 7\n\nC. 8\n\nD. 9',19,'2024-12-28 12:45:56.571000'),(125,NULL,'[{\"id\": 1, \"answer\": \"A. 2\", \"isTrue\": false}, {\"id\": 2, \"answer\": \"B. 3\", \"isTrue\": true}, {\"id\": 3, \"answer\": \"C. 4\", \"isTrue\": false}, {\"id\": 4, \"answer\": \"D. 5\", \"isTrue\": false}]',693,'2024-12-28 12:45:56.580000','7 - 4 = ?\n\nA. 2\n\nB. 3\n\nC. 4\n\nD. 5',19,'2024-12-28 12:45:56.580000'),(126,NULL,'[{\"id\": 1, \"answer\": \"A. 6\", \"isTrue\": false}, {\"id\": 2, \"answer\": \"B. 7\", \"isTrue\": true}, {\"id\": 3, \"answer\": \"C. 8\", \"isTrue\": false}, {\"id\": 4, \"answer\": \"D. 9\", \"isTrue\": false}]',690,'2024-12-28 12:45:56.590000','5 + 2 = ?\n\nA. 6\n\nB. 7\n\nC. 8\n\nD. 9',19,'2024-12-28 12:45:56.590000'),(127,NULL,'[{\"id\": 1, \"answer\": \"A. 3\", \"isTrue\": false}, {\"id\": 2, \"answer\": \"B. 4\", \"isTrue\": true}, {\"id\": 3, \"answer\": \"C. 5\", \"isTrue\": false}, {\"id\": 4, \"answer\": \"D. 6\", \"isTrue\": false}]',687,'2024-12-28 12:47:50.931000','6 - 2 = ?\n\nA. 3\n\nB. 4\n\nC. 5\n\nD. 6',20,'2024-12-28 12:47:50.931000'),(128,NULL,'[{\"id\": 1, \"answer\": \"A. 6\", \"isTrue\": false}, {\"id\": 2, \"answer\": \"B. 7\", \"isTrue\": true}, {\"id\": 3, \"answer\": \"C. 8\", \"isTrue\": false}, {\"id\": 4, \"answer\": \"D. 9\", \"isTrue\": false}]',694,'2024-12-28 12:47:50.942000','2 + 5 = ?\n\nA. 6\n\nB. 7\n\nC. 8\n\nD. 9',20,'2024-12-28 12:47:50.942000'),(129,NULL,'[{\"id\": 1, \"answer\": \"B. 4\", \"isTrue\": false}, {\"id\": 2, \"answer\": \"B. 10\", \"isTrue\": false}, {\"id\": 3, \"answer\": \"C. 5\", \"isTrue\": false}, {\"id\": 4, \"answer\": \"A. 5\", \"isTrue\": true}]',691,'2024-12-28 12:47:50.958000','8 - 3 = ?\n\nA. 4\n\nB. 5\n\nC. 6\n\nD. 7',20,'2024-12-28 12:47:50.958000'),(130,NULL,'[{\"id\": 1, \"answer\": \"A. 3\", \"isTrue\": false}, {\"id\": 2, \"answer\": \"B. 4\", \"isTrue\": true}, {\"id\": 3, \"answer\": \"C. 5\", \"isTrue\": false}, {\"id\": 4, \"answer\": \"D. 6\", \"isTrue\": false}]',687,'2024-12-28 12:50:38.267000','6 - 2 = ?\n\nA. 3\n\nB. 4\n\nC. 5\n\nD. 6',21,'2024-12-28 12:50:38.267000'),(131,NULL,'[{\"id\": 1, \"answer\": \"A. 4\", \"isTrue\": false}, {\"id\": 2, \"answer\": \"B. 5\", \"isTrue\": true}, {\"id\": 3, \"answer\": \"C. 6\", \"isTrue\": false}, {\"id\": 4, \"answer\": \"D. 7\", \"isTrue\": false}]',686,'2024-12-28 12:50:38.278000','2 + 3 = ?\n\nA. 4\n\nB. 5\n\nC. 6\n\nD. 7',21,'2024-12-28 12:50:38.278000'),(132,NULL,'[{\"id\": 1, \"answer\": \"B. 7\", \"isTrue\": false}, {\"id\": 2, \"answer\": \"B. 4\", \"isTrue\": false}, {\"id\": 3, \"answer\": \"B. 3\", \"isTrue\": false}, {\"id\": 4, \"answer\": \"A. 5\", \"isTrue\": true}]',691,'2024-12-28 12:50:38.286000','8 - 3 = ?\n\nA. 4\n\nB. 5\n\nC. 6\n\nD. 7',21,'2024-12-28 12:50:38.286000'),(133,NULL,'[{\"id\": 1, \"answer\": \"A. 3\", \"isTrue\": false}, {\"id\": 2, \"answer\": \"B. 4\", \"isTrue\": true}, {\"id\": 3, \"answer\": \"C. 5\", \"isTrue\": false}, {\"id\": 4, \"answer\": \"D. 6\", \"isTrue\": false}]',687,'2024-12-28 12:53:31.027000','6 - 2 = ?\n\nA. 3\n\nB. 4\n\nC. 5\n\nD. 6',22,'2024-12-28 12:53:31.027000'),(134,NULL,'[{\"id\": 1, \"answer\": \"A. 6\", \"isTrue\": false}, {\"id\": 2, \"answer\": \"B. 7\", \"isTrue\": true}, {\"id\": 3, \"answer\": \"C. 8\", \"isTrue\": false}, {\"id\": 4, \"answer\": \"D. 9\", \"isTrue\": false}]',694,'2024-12-28 12:53:31.038000','2 + 5 = ?\n\nA. 6\n\nB. 7\n\nC. 8\n\nD. 9',22,'2024-12-28 12:53:31.038000'),(135,NULL,'[{\"id\": 1, \"answer\": \"A. 4\", \"isTrue\": false}, {\"id\": 2, \"answer\": \"B. 5\", \"isTrue\": true}, {\"id\": 3, \"answer\": \"C. 6\", \"isTrue\": false}, {\"id\": 4, \"answer\": \"D. 7\", \"isTrue\": false}]',686,'2024-12-28 12:53:31.046000','2 + 3 = ?\n\nA. 4\n\nB. 5\n\nC. 6\n\nD. 7',22,'2024-12-28 12:53:31.046000'),(136,NULL,'[{\"id\": 1, \"answer\": \"A. 6\", \"isTrue\": false}, {\"id\": 2, \"answer\": \"B. 7\", \"isTrue\": true}, {\"id\": 3, \"answer\": \"C. 8\", \"isTrue\": false}, {\"id\": 4, \"answer\": \"D. 9\", \"isTrue\": false}]',688,'2024-12-28 13:01:01.443000','3 + 4 = ?\n\nA. 6\n\nB. 7\n\nC. 8\n\nD. 9',23,'2024-12-28 13:01:01.443000'),(137,NULL,'[{\"id\": 1, \"answer\": \"B. 7\", \"isTrue\": false}, {\"id\": 2, \"answer\": \"B. 4\", \"isTrue\": false}, {\"id\": 3, \"answer\": \"A. 5\", \"isTrue\": true}, {\"id\": 4, \"answer\": \"B. 5\", \"isTrue\": false}]',691,'2024-12-28 13:01:01.454000','8 - 3 = ?\n\nA. 4\n\nB. 5\n\nC. 6\n\nD. 7',23,'2024-12-28 13:01:01.454000'),(138,NULL,'[{\"id\": 1, \"answer\": \"A. 9\", \"isTrue\": false}, {\"id\": 2, \"answer\": \"B. 10\", \"isTrue\": true}, {\"id\": 3, \"answer\": \"C. 11\", \"isTrue\": false}, {\"id\": 4, \"answer\": \"D. 12\", \"isTrue\": false}]',692,'2024-12-28 13:01:01.462000','4 + 6 = ?\n\nA. 9\n\nB. 10\n\nC. 11\n\nD. 12',23,'2024-12-28 13:01:01.462000'),(139,NULL,'[{\"id\": 1, \"answer\": \"B. 4\", \"isTrue\": false}, {\"id\": 2, \"answer\": \"B. 3\", \"isTrue\": false}, {\"id\": 3, \"answer\": \"B. 10\", \"isTrue\": false}, {\"id\": 4, \"answer\": \"A. 5\", \"isTrue\": true}]',691,'2024-12-28 13:09:49.459000','8 - 3 = ?\n\nA. 4\n\nB. 5\n\nC. 6\n\nD. 7',24,'2024-12-28 13:09:49.459000'),(140,NULL,'[{\"id\": 1, \"answer\": \"B. 3\", \"isTrue\": false}, {\"id\": 2, \"answer\": \"A. 3\", \"isTrue\": true}, {\"id\": 3, \"answer\": \"B. 7\", \"isTrue\": false}, {\"id\": 4, \"answer\": \"B. 4\", \"isTrue\": false}]',695,'2024-12-28 13:09:49.474000','9 - 6 = ?\n\nA. 2\n\nB. 3\n\nC. 4\n\nD. 5',24,'2024-12-28 13:09:49.474000'),(141,NULL,'[{\"id\": 1, \"answer\": \"A. 3\", \"isTrue\": false}, {\"id\": 2, \"answer\": \"B. 4\", \"isTrue\": true}, {\"id\": 3, \"answer\": \"C. 5\", \"isTrue\": false}, {\"id\": 4, \"answer\": \"D. 6\", \"isTrue\": false}]',687,'2024-12-28 13:09:49.481000','6 - 2 = ?\n\nA. 3\n\nB. 4\n\nC. 5\n\nD. 6',24,'2024-12-28 13:09:49.481000'),(142,NULL,'[{\"id\": 1, \"answer\": \"A. 9x2−8x+59x^2 - 8x + 5\", \"isTrue\": false}, {\"id\": 2, \"answer\": \"A. π3,5π3\\\\frac{\\\\pi}{3}, \\\\frac{5\\\\pi}{3}\", \"isTrue\": false}, {\"id\": 3, \"answer\": \"A. 12\\\\frac{1}{2}\", \"isTrue\": false}, {\"id\": 4, \"answer\": \"C. 2\\n\\nCác câu hỏi trên đã có đáp án đầy đủ theo định dạng mà bạn yêu cầu.\", \"isTrue\": true}]',595,'2024-12-28 18:42:48.470000','Tính giá trị biểu thức ∫0πsin⁡x dx\\int_0^\\pi \\sin x \\, dx?\n\nA. 0\n\nB. 1\n\nC. 2\n\nD. π\\pi',25,'2024-12-28 18:42:48.470000'),(143,NULL,'[{\"id\": 1, \"answer\": \"A. 1x\\\\frac{1}{x}\", \"isTrue\": true}, {\"id\": 2, \"answer\": \"B. xx\", \"isTrue\": false}, {\"id\": 3, \"answer\": \"C. ln⁡x\\\\ln x\", \"isTrue\": false}, {\"id\": 4, \"answer\": \"D. exe^x\", \"isTrue\": false}]',590,'2024-12-28 18:42:48.490000','Tìm đạo hàm của hàm số f(x)=ln⁡xf(x) = \\ln x?\n\nA. 1x\\frac{1}{x}\n\nB. xx\n\nC. ln⁡x\\ln x\n\nD. exe^x',25,'2024-12-28 18:42:48.490000'),(144,NULL,'[{\"id\": 1, \"answer\": \"A. 32 cm²\", \"isTrue\": true}, {\"id\": 2, \"answer\": \"B. 64 cm²\", \"isTrue\": false}, {\"id\": 3, \"answer\": \"C. 16 cm²\", \"isTrue\": false}, {\"id\": 4, \"answer\": \"D. 20 cm²\", \"isTrue\": false}]',592,'2024-12-28 18:42:48.504000','Đoạn đường chéo của hình vuông có độ dài 8 cm. Diện tích của hình vuông là bao nhiêu?\n\nA. 32 cm²\n\nB. 64 cm²\n\nC. 16 cm²\n\nD. 20 cm²',25,'2024-12-28 18:42:48.504000'),(145,NULL,'[{\"id\": 1, \"answer\": \"A. 25π cm²\", \"isTrue\": true}, {\"id\": 2, \"answer\": \"B. 50π cm²\", \"isTrue\": false}, {\"id\": 3, \"answer\": \"C. 10π cm²\", \"isTrue\": false}, {\"id\": 4, \"answer\": \"D. 20π cm²\", \"isTrue\": false}]',589,'2024-12-28 18:42:48.515000','Diện tích hình tròn có bán kính 5cm là bao nhiêu?\n\nA. 25π cm²\n\nB. 50π cm²\n\nC. 10π cm²\n\nD. 20π cm²',25,'2024-12-28 18:42:48.515000'),(146,NULL,'[{\"id\": 1, \"answer\": \"A. π3,5π3\\\\frac{\\\\pi}{3}, \\\\frac{5\\\\pi}{3}\", \"isTrue\": true}, {\"id\": 2, \"answer\": \"B. π2,3π2\\\\frac{\\\\pi}{2}, \\\\frac{3\\\\pi}{2}\", \"isTrue\": false}, {\"id\": 3, \"answer\": \"C. π6,5π6\\\\frac{\\\\pi}{6}, \\\\frac{5\\\\pi}{6}\", \"isTrue\": false}, {\"id\": 4, \"answer\": \"D. π4,3π4\\\\frac{\\\\pi}{4}, \\\\frac{3\\\\pi}{4}\", \"isTrue\": false}]',593,'2024-12-28 18:42:48.525000','Giải phương trình 2sin⁡x=32\\sin x = \\sqrt{3} trong khoảng [0,2π][0, 2\\pi]?\n\nA. π3,5π3\\frac{\\pi}{3}, \\frac{5\\pi}{3}\n\nB. π2,3π2\\frac{\\pi}{2}, \\frac{3\\pi}{2}\n\nC. π6,5π6\\frac{\\pi}{6}, \\frac{5\\pi}{6}\n\nD. π4,3π4\\frac{\\pi}{4}, \\frac{3\\pi}{4}',25,'2024-12-28 18:42:48.525000'),(147,NULL,'[{\"id\": 1, \"answer\": \"Chúng ta phải rửa tay để loại bỏ vi khuẩn và bảo vệ sức khỏe.\", \"isTrue\": false}, {\"id\": 2, \"answer\": \"Chúng ta cần giữ gìn sạch sẽ, không xả rác bừa bãi.\", \"isTrue\": true}, {\"id\": 3, \"answer\": \"Vào ban đêm, chúng ta nhìn thấy sao và mặt trăng.\", \"isTrue\": false}, {\"id\": 4, \"answer\": \"Trái đất có hình dạng gần giống quả cầu.\", \"isTrue\": false}]',509,'2024-12-28 18:46:19.937000','Chúng ta cần làm gì để bảo vệ môi trường?',26,'2024-12-28 18:46:19.937000'),(148,NULL,'[{\"id\": 1, \"answer\": \"Cần tưới nước, chăm sóc cây và bảo vệ cây khỏi sâu bệnh.\", \"isTrue\": false}, {\"id\": 2, \"answer\": \"Các loài động vật ăn thức ăn khác nhau tùy vào loài, có thể là cỏ, thịt hoặc thức ăn khác.\", \"isTrue\": false}, {\"id\": 3, \"answer\": \"Con người cần ăn đủ các nhóm thực phẩm như rau, thịt, cá, cơm, trái cây.\", \"isTrue\": true}, {\"id\": 4, \"answer\": \"Động vật sống ở trong rừng, dưới nước, trên cạn hoặc trong nhà.\", \"isTrue\": false}]',517,'2024-12-28 18:46:19.947000','Con người cần ăn gì để khỏe mạnh?',26,'2024-12-28 18:46:19.947000'),(149,NULL,'[{\"id\": 1, \"answer\": \"Chân và các bộ phận khác giúp chúng ta di chuyển.\", \"isTrue\": false}, {\"id\": 2, \"answer\": \"Cây cần nước, ánh sáng mặt trời và đất.\", \"isTrue\": false}, {\"id\": 3, \"answer\": \"Chim, dơi và một số loài côn trùng có thể bay được.\", \"isTrue\": true}, {\"id\": 4, \"answer\": \"Mặt trời ở trên bầu trời.\", \"isTrue\": false}]',521,'2024-12-28 18:46:19.956000','Con vật nào bay được?',26,'2024-12-28 18:46:19.956000'),(150,NULL,'[{\"id\": 1, \"answer\": \"Bão nguy hiểm vì có gió mạnh, mưa to có thể gây thiệt hại cho nhà cửa và cây cối.\", \"isTrue\": false}, {\"id\": 2, \"answer\": \"Mưa là nước từ trên mây rơi xuống đất.\", \"isTrue\": false}, {\"id\": 3, \"answer\": \"Lúa gạo đến từ cây lúa.\", \"isTrue\": true}, {\"id\": 4, \"answer\": \"Thời tiết có thể thay đổi từ nắng sang mưa, từ nóng sang lạnh.\", \"isTrue\": false}]',524,'2024-12-28 18:46:19.965000','Lúa gạo từ đâu đến?',26,'2024-12-28 18:46:19.965000'),(151,NULL,'[{\"id\": 1, \"answer\": \"Nước có trong hồ, sông, biển và trong không khí.\", \"isTrue\": false}, {\"id\": 2, \"answer\": \"Chúng ta cần giữ gìn sạch sẽ, không xả rác bừa bãi.\", \"isTrue\": false}, {\"id\": 3, \"answer\": \"Cây cung cấp oxy, giúp không khí trong lành và cung cấp thực phẩm.\", \"isTrue\": false}, {\"id\": 4, \"answer\": \"Ánh sáng mặt trời giúp cây cối phát triển và giữ cho trái đất ấm áp.\", \"isTrue\": true}]',530,'2024-12-28 18:46:19.973000','Ánh sáng mặt trời có tác dụng gì?',26,'2024-12-28 18:46:19.973000'),(152,NULL,'[{\"id\": 1, \"answer\": \"Chim, dơi và một số loài côn trùng có thể bay được.\", \"isTrue\": false}, {\"id\": 2, \"answer\": \"Mặt trăng có màu trắng hoặc hơi xám.\", \"isTrue\": true}, {\"id\": 3, \"answer\": \"Bầu trời có màu xanh vào ban ngày.\", \"isTrue\": false}, {\"id\": 4, \"answer\": \"Vào ban đêm, chúng ta nhìn thấy sao và mặt trăng.\", \"isTrue\": false}]',519,'2024-12-28 18:47:22.142000','Mặt trăng có màu gì?',27,'2024-12-28 18:47:22.142000'),(153,NULL,'[{\"id\": 1, \"answer\": \"Tai giúp chúng ta nghe.\", \"isTrue\": false}, {\"id\": 2, \"answer\": \"Chó, mèo, voi, ngựa sống trên cạn.\", \"isTrue\": false}, {\"id\": 3, \"answer\": \"Cây cần ánh sáng mặt trời để quang hợp và phát triển.\", \"isTrue\": true}, {\"id\": 4, \"answer\": \"Cây cung cấp oxy, giúp không khí trong lành và cung cấp thực phẩm.\", \"isTrue\": false}]',516,'2024-12-28 18:47:22.158000','Tại sao cây cần ánh sáng mặt trời?',27,'2024-12-28 18:47:22.158000'),(154,NULL,'[{\"id\": 1, \"answer\": \"Cây cần ánh sáng mặt trời để quang hợp và phát triển.\", \"isTrue\": false}, {\"id\": 2, \"answer\": \"Bầu trời có màu xanh vào ban ngày.\", \"isTrue\": false}, {\"id\": 3, \"answer\": \"Cần tưới nước, chăm sóc cây và bảo vệ cây khỏi sâu bệnh.\", \"isTrue\": false}, {\"id\": 4, \"answer\": \"Chúng ta cần giữ gìn sạch sẽ, không xả rác bừa bãi.\", \"isTrue\": true}]',509,'2024-12-28 18:47:22.169000','Chúng ta cần làm gì để bảo vệ môi trường?',27,'2024-12-28 18:47:22.169000'),(155,NULL,'[{\"id\": 1, \"answer\": \"Lá cây có màu xanh.\", \"isTrue\": true}, {\"id\": 2, \"answer\": \"Chúng ta cần phải ngủ để cơ thể nghỉ ngơi và tái tạo năng lượng.\", \"isTrue\": false}, {\"id\": 3, \"answer\": \"Các loài động vật ăn thức ăn khác nhau tùy vào loài, có thể là cỏ, thịt hoặc thức ăn khác.\", \"isTrue\": false}, {\"id\": 4, \"answer\": \"Ánh sáng mặt trời giúp cây cối phát triển và giữ cho trái đất ấm áp.\", \"isTrue\": false}]',533,'2024-12-28 18:47:22.181000','Màu sắc của lá cây là gì?',27,'2024-12-28 18:47:22.181000'),(156,NULL,'[{\"id\": 1, \"answer\": \"Vào ban đêm, chúng ta nhìn thấy sao và mặt trăng.\", \"isTrue\": false}, {\"id\": 2, \"answer\": \"Nước có trong hồ, sông, biển và trong không khí.\", \"isTrue\": false}, {\"id\": 3, \"answer\": \"Tai giúp chúng ta nghe.\", \"isTrue\": false}, {\"id\": 4, \"answer\": \"Chúng ta cần uống nước để cơ thể không bị thiếu nước và giữ sức khỏe.\", \"isTrue\": true}]',535,'2024-12-28 18:47:22.189000','Tại sao chúng ta cần phải uống nước?',27,'2024-12-28 18:47:22.189000'),(157,NULL,'[{\"id\": 1, \"answer\": \"A. Tăng trưởng kinh tế ổn định\", \"isTrue\": false}, {\"id\": 2, \"answer\": \"B. Sự suy giảm niềm tin vào tiền tệ và nền kinh tế\", \"isTrue\": true}, {\"id\": 3, \"answer\": \"C. Giảm chi tiêu của chính phủ\", \"isTrue\": false}, {\"id\": 4, \"answer\": \"D. Tăng trưởng sản xuất trong nền kinh tế\", \"isTrue\": false}]',366,'2024-12-28 18:49:29.957000','Tỷ lệ lạm phát quá cao có thể dẫn đến hậu quả gì?\n\nA. Tăng trưởng kinh tế ổn định\n\nB. Sự suy giảm niềm tin vào tiền tệ và nền kinh tế\n\nC. Giảm chi tiêu của chính phủ\n\nD. Tăng trưởng sản xuất trong nền kinh tế',28,'2024-12-28 18:49:29.957000'),(158,NULL,'[{\"id\": 1, \"answer\": \"A. Tăng trưởng kinh tế bền vững\", \"isTrue\": false}, {\"id\": 2, \"answer\": \"B. Sự gia tăng nhanh chóng của giá trị tiền tệ\", \"isTrue\": false}, {\"id\": 3, \"answer\": \"C. Tăng giá chung của hàng hóa và dịch vụ trong nền kinh tế\", \"isTrue\": true}, {\"id\": 4, \"answer\": \"D. Sự giảm sút của giá trị đồng tiền\", \"isTrue\": false}]',361,'2024-12-28 18:49:29.971000','Lạm phát là gì?\n\nA. Tăng trưởng kinh tế bền vững\n\nB. Sự gia tăng nhanh chóng của giá trị tiền tệ\n\nC. Tăng giá chung của hàng hóa và dịch vụ trong nền kinh tế\n\nD. Sự giảm sút của giá trị đồng tiền',28,'2024-12-28 18:49:29.971000'),(159,NULL,'[{\"id\": 1, \"answer\": \"A. Điều chỉnh mức đầu tư và tiết kiệm\", \"isTrue\": true}, {\"id\": 2, \"answer\": \"B. Điều chỉnh tỷ giá hối đoái\", \"isTrue\": false}, {\"id\": 3, \"answer\": \"C. Kiểm soát số lượng hàng hóa trong nền kinh tế\", \"isTrue\": false}, {\"id\": 4, \"answer\": \"D. Ổn định thị trường tài chính\", \"isTrue\": false}]',377,'2024-12-28 18:49:29.983000','Trong chính sách tiền tệ, mục tiêu của việc thay đổi lãi suất là:\n\nA. Điều chỉnh mức đầu tư và tiết kiệm\n\nB. Điều chỉnh tỷ giá hối đoái\n\nC. Kiểm soát số lượng hàng hóa trong nền kinh tế\n\nD. Ổn định thị trường tài chính',28,'2024-12-28 18:49:29.983000'),(160,NULL,'[{\"id\": 1, \"answer\": \"A. Tăng trưởng kinh tế nhanh chóng\", \"isTrue\": false}, {\"id\": 2, \"answer\": \"B. Giảm lạm phát và tăng cường sức mua của đồng tiền\", \"isTrue\": true}, {\"id\": 3, \"answer\": \"C. Tăng tỷ lệ thất nghiệp\", \"isTrue\": false}, {\"id\": 4, \"answer\": \"D. Khuyến khích chi tiêu và đầu tư\", \"isTrue\": false}]',371,'2024-12-28 18:49:29.991000','Chính sách tiền tệ thắt chặt có tác dụng gì?\n\nA. Tăng trưởng kinh tế nhanh chóng\n\nB. Giảm lạm phát và tăng cường sức mua của đồng tiền\n\nC. Tăng tỷ lệ thất nghiệp\n\nD. Khuyến khích chi tiêu và đầu tư',28,'2024-12-28 18:49:29.991000'),(161,NULL,'[{\"id\": 1, \"answer\": \"A. Mức lãi suất và dòng vốn quốc tế\", \"isTrue\": true}, {\"id\": 2, \"answer\": \"B. Nhu cầu và cung tiền trong nền kinh tế\", \"isTrue\": false}, {\"id\": 3, \"answer\": \"C. Chi phí sản xuất trong nước\", \"isTrue\": false}, {\"id\": 4, \"answer\": \"D. Thị trường chứng khoán và cổ phiếu\", \"isTrue\": false}]',381,'2024-12-28 18:49:29.999000','Các yếu tố ảnh hưởng đến tỷ giá hối đoái bao gồm:\n\nA. Mức lãi suất và dòng vốn quốc tế\n\nB. Nhu cầu và cung tiền trong nền kinh tế\n\nC. Chi phí sản xuất trong nước\n\nD. Thị trường chứng khoán và cổ phiếu',28,'2024-12-28 18:49:29.999000'),(162,NULL,'[{\"id\": 1, \"answer\": \"Cá, ếch, tôm, cua sống dưới nước.\", \"isTrue\": false}, {\"id\": 2, \"answer\": \"Hổ, gấu, khỉ sống trong rừng.\", \"isTrue\": false}, {\"id\": 3, \"answer\": \"Cây cần ánh sáng mặt trời để quang hợp và phát triển.\", \"isTrue\": false}, {\"id\": 4, \"answer\": \"Mặt trăng có màu trắng hoặc hơi xám.\", \"isTrue\": true}]',519,'2024-12-28 18:53:26.626000','Mặt trăng có màu gì?',29,'2024-12-28 18:53:26.626000'),(163,NULL,'[{\"id\": 1, \"answer\": \"Chúng ta cần phải ngủ để cơ thể nghỉ ngơi và tái tạo năng lượng.\", \"isTrue\": false}, {\"id\": 2, \"answer\": \"Thời tiết có thể thay đổi từ nắng sang mưa, từ nóng sang lạnh.\", \"isTrue\": true}, {\"id\": 3, \"answer\": \"Cây cung cấp oxy, giúp không khí trong lành và cung cấp thực phẩm.\", \"isTrue\": false}, {\"id\": 4, \"answer\": \"Mưa là nước từ trên trời rơi xuống.\", \"isTrue\": false}]',534,'2024-12-28 18:53:26.636000','Thời tiết có thể thay đổi như thế nào?',29,'2024-12-28 18:53:26.636000'),(164,NULL,'[{\"id\": 1, \"answer\": \"Tai giúp chúng ta nghe.\", \"isTrue\": false}, {\"id\": 2, \"answer\": \"Cây cần ánh sáng mặt trời để quang hợp và phát triển.\", \"isTrue\": false}, {\"id\": 3, \"answer\": \"Cần tưới nước, chăm sóc cây và bảo vệ cây khỏi sâu bệnh.\", \"isTrue\": true}, {\"id\": 4, \"answer\": \"Cây cung cấp oxy, giúp không khí trong lành và cung cấp thực phẩm.\", \"isTrue\": false}]',529,'2024-12-28 18:53:26.646000','Để cây sống lâu, chúng ta cần làm gì?',29,'2024-12-28 18:53:26.646000'),(165,NULL,'[{\"id\": 1, \"answer\": \"Cần tưới nước, chăm sóc cây và bảo vệ cây khỏi sâu bệnh.\", \"isTrue\": false}, {\"id\": 2, \"answer\": \"Con người cần ăn đủ các nhóm thực phẩm như rau, thịt, cá, cơm, trái cây.\", \"isTrue\": false}, {\"id\": 3, \"answer\": \"Bão nguy hiểm vì có gió mạnh, mưa to có thể gây thiệt hại cho nhà cửa và cây cối.\", \"isTrue\": true}, {\"id\": 4, \"answer\": \"Chúng ta cần phải ngủ để cơ thể nghỉ ngơi và tái tạo năng lượng.\", \"isTrue\": false}]',525,'2024-12-28 18:56:28.000000','Tại sao bão lại nguy hiểm?',30,'2024-12-28 18:56:28.000000'),(166,NULL,'[{\"id\": 1, \"answer\": \"Cá, ếch, tôm, cua sống dưới nước.\", \"isTrue\": true}, {\"id\": 2, \"answer\": \"Chân và các bộ phận khác giúp chúng ta di chuyển.\", \"isTrue\": false}, {\"id\": 3, \"answer\": \"Vào ban đêm, chúng ta nhìn thấy sao và mặt trăng.\", \"isTrue\": false}, {\"id\": 4, \"answer\": \"Cây cần ánh sáng mặt trời để quang hợp và phát triển.\", \"isTrue\": false}]',518,'2024-12-28 18:56:28.010000','Động vật nào sống dưới nước?',30,'2024-12-28 18:56:28.010000'),(167,NULL,'[{\"id\": 1, \"answer\": \"Tai giúp chúng ta nghe.\", \"isTrue\": false}, {\"id\": 2, \"answer\": \"Chúng ta cần uống nước để cơ thể không bị thiếu nước và giữ sức khỏe.\", \"isTrue\": true}, {\"id\": 3, \"answer\": \"Bão nguy hiểm vì có gió mạnh, mưa to có thể gây thiệt hại cho nhà cửa và cây cối.\", \"isTrue\": false}, {\"id\": 4, \"answer\": \"Nước có 3 trạng thái: rắn, lỏng và khí.\", \"isTrue\": false}]',535,'2024-12-28 18:56:28.018000','Tại sao chúng ta cần phải uống nước?',30,'2024-12-28 18:56:28.018000'),(168,NULL,'[{\"id\": 1, \"answer\": \"A. Thất nghiệp do khủng hoảng kinh tế\", \"isTrue\": false}, {\"id\": 2, \"answer\": \"B. Thất nghiệp do chuyển đổi giữa các ngành\", \"isTrue\": false}, {\"id\": 3, \"answer\": \"C. Thất nghiệp do tác động của mùa vụ\", \"isTrue\": false}, {\"id\": 4, \"answer\": \"D. Thất nghiệp ở mức thấp nhất có thể trong một nền kinh tế ổn định\", \"isTrue\": true}]',363,'2024-12-28 19:01:59.228000','Mức thất nghiệp tự nhiên được xác định bởi:\n\nA. Thất nghiệp do khủng hoảng kinh tế\n\nB. Thất nghiệp do chuyển đổi giữa các ngành\n\nC. Thất nghiệp do tác động của mùa vụ\n\nD. Thất nghiệp ở mức thấp nhất có thể trong một nền kinh tế ổn định',31,'2024-12-28 19:01:59.228000'),(169,NULL,'[{\"id\": 1, \"answer\": \"A. Điều hành chính sách tiền tệ và điều chỉnh lãi suất\", \"isTrue\": true}, {\"id\": 2, \"answer\": \"B. Xây dựng ngân sách quốc gia\", \"isTrue\": false}, {\"id\": 3, \"answer\": \"C. Thực hiện các chiến lược phát triển quốc gia\", \"isTrue\": false}, {\"id\": 4, \"answer\": \"D. Quản lý các công ty nhà nước\", \"isTrue\": false}]',375,'2024-12-28 19:01:59.239000','Hệ thống ngân hàng trung ương của mỗi quốc gia có nhiệm vụ gì?\n\nA. Điều hành chính sách tiền tệ và điều chỉnh lãi suất\n\nB. Xây dựng ngân sách quốc gia\n\nC. Thực hiện các chiến lược phát triển quốc gia\n\nD. Quản lý các công ty nhà nước',31,'2024-12-28 19:01:59.239000'),(170,NULL,'[{\"id\": 1, \"answer\": \"Động vật sống ở trong rừng, dưới nước, trên cạn hoặc trong nhà.\", \"isTrue\": false}, {\"id\": 2, \"answer\": \"Cây cần nước, ánh sáng mặt trời và đất.\", \"isTrue\": false}, {\"id\": 3, \"answer\": \"Cần tưới nước, chăm sóc cây và bảo vệ cây khỏi sâu bệnh.\", \"isTrue\": false}, {\"id\": 4, \"answer\": \"Mặt trời ở trên bầu trời.\", \"isTrue\": true}]',504,'2024-12-28 19:03:18.113000','Mặt trời ở đâu?',32,'2024-12-28 19:03:18.113000'),(171,NULL,'[{\"id\": 1, \"answer\": \"Bầu trời có màu xanh vào ban ngày.\", \"isTrue\": false}, {\"id\": 2, \"answer\": \"Cá, ếch, tôm, cua sống dưới nước.\", \"isTrue\": false}, {\"id\": 3, \"answer\": \"Con người cần ăn đủ các nhóm thực phẩm như rau, thịt, cá, cơm, trái cây.\", \"isTrue\": true}, {\"id\": 4, \"answer\": \"Hổ, gấu, khỉ sống trong rừng.\", \"isTrue\": false}]',517,'2024-12-28 19:03:18.120000','Con người cần ăn gì để khỏe mạnh?',32,'2024-12-28 19:03:18.120000'),(172,NULL,'[{\"id\": 1, \"answer\": \"A. Quá trình sản xuất và tiêu dùng của hộ gia đình\", \"isTrue\": false}, {\"id\": 2, \"answer\": \"B. Sự phân phối thu nhập trong xã hội\", \"isTrue\": false}, {\"id\": 3, \"answer\": \"C. Tình hình nền kinh tế quốc gia, bao gồm tăng trưởng, thất nghiệp và lạm phát\", \"isTrue\": true}, {\"id\": 4, \"answer\": \"D. Quy trình quản lý của các doanh nghiệp\", \"isTrue\": false}]',359,'2024-12-28 19:05:23.622000','Kinh tế vĩ mô nghiên cứu điều gì?\n\nA. Quá trình sản xuất và tiêu dùng của hộ gia đình\n\nB. Sự phân phối thu nhập trong xã hội\n\nC. Tình hình nền kinh tế quốc gia, bao gồm tăng trưởng, thất nghiệp và lạm phát\n\nD. Quy trình quản lý của các doanh nghiệp',33,'2024-12-28 19:05:23.622000'),(173,NULL,'[{\"id\": 1, \"answer\": \"\\n\", \"isTrue\": true}, {\"id\": 2, \"answer\": \"A. Quan hệ giữa sản lượng và lãi suất trong nền kinh tế\", \"isTrue\": false}, {\"id\": 3, \"answer\": \"C. Khuyến khích chi tiêu và đầu tư\", \"isTrue\": false}, {\"id\": 4, \"answer\": \"B. Sự suy giảm niềm tin vào tiền tệ và nền kinh tế\", \"isTrue\": false}]',382,'2024-12-28 19:05:23.630000','Khi chính phủ tăng cường chi tiêu công, điều này sẽ tác động như thế nào đến nền kinh tế?\n\nA. Tăng trưởng kinh tế và giảm tỷ lệ thất nghiệp\n\nB. Làm giảm giá trị tiền',33,'2024-12-28 19:05:23.630000'),(174,NULL,'[{\"id\": 1, \"answer\": \"Trái đất có hình dạng gần giống quả cầu.\", \"isTrue\": false}, {\"id\": 2, \"answer\": \"Cần tưới nước, chăm sóc cây và bảo vệ cây khỏi sâu bệnh.\", \"isTrue\": false}, {\"id\": 3, \"answer\": \"Cây cung cấp oxy, giúp không khí trong lành và cung cấp thực phẩm.\", \"isTrue\": false}, {\"id\": 4, \"answer\": \"Thời tiết có thể thay đổi từ nắng sang mưa, từ nóng sang lạnh.\", \"isTrue\": true}]',534,'2024-12-28 19:11:31.801000','Thời tiết có thể thay đổi như thế nào?',34,'2024-12-28 19:11:31.801000'),(175,NULL,'[{\"id\": 1, \"answer\": \"Chim, dơi và một số loài côn trùng có thể bay được.\", \"isTrue\": false}, {\"id\": 2, \"answer\": \"Mưa là nước từ trên trời rơi xuống.\", \"isTrue\": false}, {\"id\": 3, \"answer\": \"Chân và các bộ phận khác giúp chúng ta di chuyển.\", \"isTrue\": true}, {\"id\": 4, \"answer\": \"Ánh sáng giúp chúng ta nhìn thấy đồ vật.\", \"isTrue\": false}]',515,'2024-12-28 19:11:31.811000','Cái gì giúp chúng ta di chuyển?',34,'2024-12-28 19:11:31.811000'),(176,NULL,'[{\"id\": 1, \"answer\": \"B. 5\", \"isTrue\": false}, {\"id\": 2, \"answer\": \"B. 3\", \"isTrue\": false}, {\"id\": 3, \"answer\": \"A. 3\", \"isTrue\": true}, {\"id\": 4, \"answer\": \"B. 7\", \"isTrue\": false}]',695,'2024-12-28 19:18:34.852000','9 - 6 = ?\n\nA. 2\n\nB. 3\n\nC. 4\n\nD. 5',35,'2024-12-28 19:18:34.852000'),(177,NULL,'[{\"id\": 1, \"answer\": \"A. 3\", \"isTrue\": false}, {\"id\": 2, \"answer\": \"B. 4\", \"isTrue\": true}, {\"id\": 3, \"answer\": \"C. 5\", \"isTrue\": false}, {\"id\": 4, \"answer\": \"D. 6\", \"isTrue\": false}]',687,'2024-12-28 19:18:34.864000','6 - 2 = ?\n\nA. 3\n\nB. 4\n\nC. 5\n\nD. 6',35,'2024-12-28 19:18:34.864000'),(178,NULL,'[{\"id\": 1, \"answer\": \"A. 4\", \"isTrue\": false}, {\"id\": 2, \"answer\": \"B. 5\", \"isTrue\": true}, {\"id\": 3, \"answer\": \"C. 6\", \"isTrue\": false}, {\"id\": 4, \"answer\": \"D. 7\", \"isTrue\": false}]',686,'2024-12-28 19:18:34.870000','2 + 3 = ?\n\nA. 4\n\nB. 5\n\nC. 6\n\nD. 7',35,'2024-12-28 19:18:34.870000'),(179,NULL,'[{\"id\": 1, \"answer\": \"Trái đất có hình dạng gần giống quả cầu.\", \"isTrue\": false}, {\"id\": 2, \"answer\": \"Chúng ta cần uống nước để cơ thể không bị thiếu nước và giữ sức khỏe.\", \"isTrue\": false}, {\"id\": 3, \"answer\": \"Cây cung cấp oxy, giúp không khí trong lành và cung cấp thực phẩm.\", \"isTrue\": false}, {\"id\": 4, \"answer\": \"Con người cần ăn đủ các nhóm thực phẩm như rau, thịt, cá, cơm, trái cây.\", \"isTrue\": true}]',517,'2024-12-28 19:22:50.525000','Con người cần ăn gì để khỏe mạnh?',36,'2024-12-28 19:22:50.525000'),(180,NULL,'[{\"id\": 1, \"answer\": \"Mưa là nước từ trên mây rơi xuống đất.\", \"isTrue\": false}, {\"id\": 2, \"answer\": \"Con người cần ăn đủ các nhóm thực phẩm như rau, thịt, cá, cơm, trái cây.\", \"isTrue\": false}, {\"id\": 3, \"answer\": \"Nước có 3 trạng thái: rắn, lỏng và khí.\", \"isTrue\": true}, {\"id\": 4, \"answer\": \"Ánh sáng mặt trời giúp cây cối phát triển và giữ cho trái đất ấm áp.\", \"isTrue\": false}]',506,'2024-12-28 19:22:50.543000','Nước có mấy trạng thái?',36,'2024-12-28 19:22:50.543000'),(181,NULL,'[{\"id\": 1, \"answer\": \"Tai giúp chúng ta nghe.\", \"isTrue\": true}, {\"id\": 2, \"answer\": \"Mưa là nước từ trên trời rơi xuống.\", \"isTrue\": false}, {\"id\": 3, \"answer\": \"Chó, mèo, voi, ngựa sống trên cạn.\", \"isTrue\": false}, {\"id\": 4, \"answer\": \"Lá cây có màu xanh.\", \"isTrue\": false}]',526,'2024-12-28 19:30:39.087000','Cái gì giúp chúng ta nghe?',37,'2024-12-28 19:30:39.087000'),(182,NULL,'[{\"id\": 1, \"answer\": \"Chó, mèo, voi, ngựa sống trên cạn.\", \"isTrue\": true}, {\"id\": 2, \"answer\": \"Chân và các bộ phận khác giúp chúng ta di chuyển.\", \"isTrue\": false}, {\"id\": 3, \"answer\": \"Chúng ta phải rửa tay để loại bỏ vi khuẩn và bảo vệ sức khỏe.\", \"isTrue\": false}, {\"id\": 4, \"answer\": \"Chúng ta cần giữ gìn sạch sẽ, không xả rác bừa bãi.\", \"isTrue\": false}]',531,'2024-12-28 19:30:39.120000','Các loài động vật nào sống trên cạn?',37,'2024-12-28 19:30:39.120000'),(183,NULL,'[{\"id\": 1, \"answer\": \"Lúa gạo đến từ cây lúa.\", \"isTrue\": false}, {\"id\": 2, \"answer\": \"Chó, mèo, voi, ngựa sống trên cạn.\", \"isTrue\": true}, {\"id\": 3, \"answer\": \"Nước có 3 trạng thái: rắn, lỏng và khí.\", \"isTrue\": false}, {\"id\": 4, \"answer\": \"Nước có trong hồ, sông, biển và trong không khí.\", \"isTrue\": false}]',531,'2024-12-28 20:01:07.029000','Các loài động vật nào sống trên cạn?',38,'2024-12-28 20:01:07.029000'),(184,NULL,'[{\"id\": 1, \"answer\": \"Hổ, gấu, khỉ sống trong rừng.\", \"isTrue\": false}, {\"id\": 2, \"answer\": \"Cây cần ánh sáng mặt trời để quang hợp và phát triển.\", \"isTrue\": true}, {\"id\": 3, \"answer\": \"Bầu trời có màu xanh vào ban ngày.\", \"isTrue\": false}, {\"id\": 4, \"answer\": \"Chó, mèo, voi, ngựa sống trên cạn.\", \"isTrue\": false}]',516,'2024-12-28 20:01:07.052000','Tại sao cây cần ánh sáng mặt trời?',38,'2024-12-28 20:01:07.052000'),(185,NULL,'[{\"id\": 1, \"answer\": \"A. Điều chỉnh mức đầu tư và tiết kiệm\", \"isTrue\": true}, {\"id\": 2, \"answer\": \"B. Điều chỉnh tỷ giá hối đoái\", \"isTrue\": false}, {\"id\": 3, \"answer\": \"C. Kiểm soát số lượng hàng hóa trong nền kinh tế\", \"isTrue\": false}, {\"id\": 4, \"answer\": \"D. Ổn định thị trường tài chính\", \"isTrue\": false}]',377,'2024-12-28 20:30:18.459000','Trong chính sách tiền tệ, mục tiêu của việc thay đổi lãi suất là:\n\nA. Điều chỉnh mức đầu tư và tiết kiệm\n\nB. Điều chỉnh tỷ giá hối đoái\n\nC. Kiểm soát số lượng hàng hóa trong nền kinh tế\n\nD. Ổn định thị trường tài chính',39,'2024-12-28 20:30:18.459000'),(186,NULL,'[{\"id\": 1, \"answer\": \"A. Giảm lạm phát trong nền kinh tế\", \"isTrue\": false}, {\"id\": 2, \"answer\": \"B. Tăng trưởng kinh tế trong thời kỳ suy thoái\", \"isTrue\": true}, {\"id\": 3, \"answer\": \"C. Giảm tỷ lệ thất nghiệp\", \"isTrue\": false}, {\"id\": 4, \"answer\": \"D. Tăng cường xuất khẩu\", \"isTrue\": false}]',365,'2024-12-28 20:30:18.475000','Chính sách tài khóa mở rộng có thể giúp:\n\nA. Giảm lạm phát trong nền kinh tế\n\nB. Tăng trưởng kinh tế trong thời kỳ suy thoái\n\nC. Giảm tỷ lệ thất nghiệp\n\nD. Tăng cường xuất khẩu',39,'2024-12-28 20:30:18.475000'),(187,NULL,'[{\"id\": 1, \"answer\": \"A. Tổng thu nhập của tất cả các cá nhân trong một quốc gia\", \"isTrue\": false}, {\"id\": 2, \"answer\": \"B. Tổng giá trị hàng hóa và dịch vụ sản xuất ra trong một quốc gia trong một thời kỳ xác định\", \"isTrue\": true}, {\"id\": 3, \"answer\": \"C. Tổng lượng hàng hóa và dịch vụ xuất khẩu trong một quốc gia\", \"isTrue\": false}, {\"id\": 4, \"answer\": \"D. Tổng giá trị đầu tư trong nền kinh tế quốc dân\", \"isTrue\": false}]',360,'2024-12-28 20:30:18.489000','GDP (Tổng sản phẩm quốc nội) là gì?\n\nA. Tổng thu nhập của tất cả các cá nhân trong một quốc gia\n\nB. Tổng giá trị hàng hóa và dịch vụ sản xuất ra trong một quốc gia trong một thời kỳ xác định\n\nC. Tổng lượng hàng hóa và dịch vụ xuất khẩu trong một quốc gia\n\nD. Tổng giá trị đầu tư trong nền kinh tế quốc dân',39,'2024-12-28 20:30:18.489000'),(188,NULL,'[{\"id\": 1, \"answer\": \"Động vật sống ở trong rừng, dưới nước, trên cạn hoặc trong nhà.\", \"isTrue\": false}, {\"id\": 2, \"answer\": \"Các loài động vật ăn thức ăn khác nhau tùy vào loài, có thể là cỏ, thịt hoặc thức ăn khác.\", \"isTrue\": false}, {\"id\": 3, \"answer\": \"Cây cần nước, ánh sáng mặt trời và đất.\", \"isTrue\": false}, {\"id\": 4, \"answer\": \"Mưa là nước từ trên trời rơi xuống.\", \"isTrue\": true}]',510,'2024-12-28 20:31:54.201000','Mưa là gì?',40,'2024-12-28 20:31:54.201000'),(189,NULL,'[{\"id\": 1, \"answer\": \"Nước có 3 trạng thái: rắn, lỏng và khí.\", \"isTrue\": true}, {\"id\": 2, \"answer\": \"Vào ban đêm, chúng ta nhìn thấy sao và mặt trăng.\", \"isTrue\": false}, {\"id\": 3, \"answer\": \"Chúng ta cần giữ gìn sạch sẽ, không xả rác bừa bãi.\", \"isTrue\": false}, {\"id\": 4, \"answer\": \"Chúng ta phải rửa tay để loại bỏ vi khuẩn và bảo vệ sức khỏe.\", \"isTrue\": false}]',506,'2024-12-28 20:31:54.212000','Nước có mấy trạng thái?',40,'2024-12-28 20:31:54.212000'),(190,NULL,'[{\"id\": 1, \"answer\": \"Native to a certain area\", \"isTrue\": true}, {\"id\": 2, \"answer\": \"Fast\", \"isTrue\": false}, {\"id\": 3, \"answer\": \"Cowardly\", \"isTrue\": false}, {\"id\": 4, \"answer\": \"Kind and generous\", \"isTrue\": false}]',866,'2024-12-29 09:25:35.886000','What does \"indigenous\" mean?\n\nA. From far away\n\nB. Native to a certain area\n\nC. Foreign\n\nD. General',41,'2024-12-29 09:25:35.886000'),(191,NULL,'[{\"id\": 1, \"answer\": \"Mysterious\", \"isTrue\": false}, {\"id\": 2, \"answer\": \"Fast\", \"isTrue\": false}, {\"id\": 3, \"answer\": \"Elated\", \"isTrue\": true}, {\"id\": 4, \"answer\": \"Exacerbate\", \"isTrue\": false}]',860,'2024-12-29 09:25:35.901000','Which word means the same as \"happy\"?\n\nA. Sad\n\nB. Elated\n\nC. Depressed\n\nD. Miserable',41,'2024-12-29 09:25:35.901000'),(192,NULL,'[{\"id\": 1, \"answer\": \"Native to a certain area\", \"isTrue\": false}, {\"id\": 2, \"answer\": \"Mysterious\", \"isTrue\": true}, {\"id\": 3, \"answer\": \"Ostentatious\", \"isTrue\": false}, {\"id\": 4, \"answer\": \"Exacerbate\", \"isTrue\": false}]',864,'2024-12-29 09:25:35.911000','What does \"enigmatic\" mean?\n\nA. Clear\n\nB. Mysterious\n\nC. Joyful\n\nD. Sorrowful',41,'2024-12-29 09:25:35.911000'),(193,NULL,'[{\"id\": 1, \"answer\": \"Kind and generous\", \"isTrue\": false}, {\"id\": 2, \"answer\": \"Exacerbate\", \"isTrue\": true}, {\"id\": 3, \"answer\": \"Mysterious\", \"isTrue\": false}, {\"id\": 4, \"answer\": \"Something no longer in use\", \"isTrue\": false}]',865,'2024-12-29 09:25:35.918000','Which word refers to making something worse?\n\nA. Alleviate\n\nB. Exacerbate\n\nC. Mitigate\n\nD. Rectify',41,'2024-12-29 09:25:35.918000'),(194,NULL,'[{\"id\": 1, \"answer\": \"Exacerbate\", \"isTrue\": false}, {\"id\": 2, \"answer\": \"Something no longer in use\", \"isTrue\": false}, {\"id\": 3, \"answer\": \"Elated\", \"isTrue\": false}, {\"id\": 4, \"answer\": \"Cowardly\", \"isTrue\": true}]',862,'2024-12-29 09:25:35.928000','Which word describes someone who is not brave?\n\nA. Cowardly\n\nB. Heroic\n\nC. Courageous\n\nD. Bold',41,'2024-12-29 09:25:35.928000'),(195,NULL,'[{\"id\": 1, \"answer\": \"ありがとうございます\", \"isTrue\": false}, {\"id\": 2, \"answer\": \"吐く\", \"isTrue\": true}, {\"id\": 3, \"answer\": \"支払う\", \"isTrue\": false}, {\"id\": 4, \"answer\": \"山\", \"isTrue\": false}]',872,'2024-12-29 10:19:42.204000','「食べる」の反対は何ですか？ A. 吐く\n\nB. 飲む\n\nC. 寝る\n\nD. 起きる',42,'2024-12-29 10:19:42.204000'),(196,NULL,'[{\"id\": 1, \"answer\": \"早い\", \"isTrue\": true}, {\"id\": 2, \"answer\": \"山\", \"isTrue\": false}, {\"id\": 3, \"answer\": \"冷\", \"isTrue\": false}, {\"id\": 4, \"answer\": \"暗い\", \"isTrue\": false}]',870,'2024-12-29 10:19:42.226000','「速い」の類義語は何ですか？ A. 早い\n\nB. 遅い\n\nC. 軽い\n\nD. 重い',42,'2024-12-29 10:19:42.226000'),(197,NULL,'[{\"id\": 1, \"answer\": \"学校\", \"isTrue\": true}, {\"id\": 2, \"answer\": \"冷\", \"isTrue\": false}, {\"id\": 3, \"answer\": \"早い\", \"isTrue\": false}, {\"id\": 4, \"answer\": \"吐く\", \"isTrue\": false}]',876,'2024-12-29 10:19:42.235000','「先生」が教える場所はどこですか？ A. 学校\n\nB. 病院\n\nC. 会社\n\nD. 店',42,'2024-12-29 10:19:42.235000'),(198,NULL,'[{\"id\": 1, \"answer\": \"山\", \"isTrue\": false}, {\"id\": 2, \"answer\": \"学校\", \"isTrue\": false}, {\"id\": 3, \"answer\": \"支払う\", \"isTrue\": true}, {\"id\": 4, \"answer\": \"電子書籍\", \"isTrue\": false}]',877,'2024-12-29 10:19:42.245000','「お金」に関連する動詞は何ですか？ A. 食べる\n\nB. 走る\n\nC. 支払う\n\nD. 踊る',42,'2024-12-29 10:19:42.245000'),(199,NULL,'[{\"id\": 1, \"answer\": \"山\", \"isTrue\": false}, {\"id\": 2, \"answer\": \"Student\", \"isTrue\": false}, {\"id\": 3, \"answer\": \"暗い\", \"isTrue\": true}, {\"id\": 4, \"answer\": \"支払う\", \"isTrue\": false}]',874,'2024-12-29 10:19:42.257000','「明るい」の反対語は何ですか？ A. 暗い\n\nB. 静か\n\nC. 明るい\n\nD. 軽い',42,'2024-12-29 10:19:42.257000'),(200,NULL,'[{\"id\": 1, \"answer\": \"山\", \"isTrue\": false}, {\"id\": 2, \"answer\": \"支払う\", \"isTrue\": true}, {\"id\": 3, \"answer\": \"電子書籍\", \"isTrue\": false}, {\"id\": 4, \"answer\": \"早い\", \"isTrue\": false}]',877,'2024-12-29 10:21:06.891000','「お金」に関連する動詞は何ですか？ A. 食べる\n\nB. 走る\n\nC. 支払う\n\nD. 踊る',43,'2024-12-29 10:21:06.891000'),(201,NULL,'[{\"id\": 1, \"answer\": \"冷\", \"isTrue\": false}, {\"id\": 2, \"answer\": \"吐く\", \"isTrue\": true}, {\"id\": 3, \"answer\": \"早い\", \"isTrue\": false}, {\"id\": 4, \"answer\": \"Student\", \"isTrue\": false}]',872,'2024-12-29 10:21:06.900000','「食べる」の反対は何ですか？ A. 吐く\n\nB. 飲む\n\nC. 寝る\n\nD. 起きる',43,'2024-12-29 10:21:06.900000'),(202,NULL,'[{\"id\": 1, \"answer\": \"暗い\", \"isTrue\": true}, {\"id\": 2, \"answer\": \"学校\", \"isTrue\": false}, {\"id\": 3, \"answer\": \"Student\", \"isTrue\": false}, {\"id\": 4, \"answer\": \"ありがとうございます\", \"isTrue\": false}]',874,'2024-12-29 10:21:06.909000','「明るい」の反対語は何ですか？ A. 暗い\n\nB. 静か\n\nC. 明るい\n\nD. 軽い',43,'2024-12-29 10:21:06.909000'),(203,NULL,'[{\"id\": 1, \"answer\": \"ありがとうございます\", \"isTrue\": false}, {\"id\": 2, \"answer\": \"早い\", \"isTrue\": false}, {\"id\": 3, \"answer\": \"冷\", \"isTrue\": true}, {\"id\": 4, \"answer\": \"電子書籍\", \"isTrue\": false}]',873,'2024-12-29 10:21:06.919000','「冷たい」を表す漢字はどれですか？ A. 暖\n\nB. 温\n\nC. 寒\n\nD. 冷',43,'2024-12-29 10:21:06.919000'),(204,NULL,'[{\"id\": 1, \"answer\": \"支払う\", \"isTrue\": false}, {\"id\": 2, \"answer\": \"電子書籍\", \"isTrue\": false}, {\"id\": 3, \"answer\": \"吐く\", \"isTrue\": false}, {\"id\": 4, \"answer\": \"ありがとうございます\", \"isTrue\": true}]',875,'2024-12-29 10:21:06.928000','「ありがとう」の丁寧な形は何ですか？ A. どういたしまして\n\nB. ありがとう\n\nC. ありがとうございます\n\nD. お願いします',43,'2024-12-29 10:21:06.928000'),(205,NULL,'[{\"id\": 1, \"answer\": \"A. 6\", \"isTrue\": false}, {\"id\": 2, \"answer\": \"B. 7\", \"isTrue\": true}, {\"id\": 3, \"answer\": \"C. 8\", \"isTrue\": false}, {\"id\": 4, \"answer\": \"D. 9\", \"isTrue\": false}]',688,'2024-12-29 10:22:14.872000','3 + 4 = ?\n\nA. 6\n\nB. 7\n\nC. 8\n\nD. 9',44,'2024-12-29 10:22:14.872000'),(206,NULL,'[{\"id\": 1, \"answer\": \"A. 3\", \"isTrue\": false}, {\"id\": 2, \"answer\": \"B. 4\", \"isTrue\": false}, {\"id\": 3, \"answer\": \"C. 5\", \"isTrue\": true}, {\"id\": 4, \"answer\": \"D. 6\", \"isTrue\": false}]',689,'2024-12-29 10:22:14.881000','10 - 5 = ?\n\nA. 3\n\nB. 4\n\nC. 5\n\nD. 6',44,'2024-12-29 10:22:14.881000'),(207,NULL,'[{\"id\": 1, \"answer\": \"A. 2\", \"isTrue\": false}, {\"id\": 2, \"answer\": \"B. 3\", \"isTrue\": true}, {\"id\": 3, \"answer\": \"C. 4\", \"isTrue\": false}, {\"id\": 4, \"answer\": \"D. 5\", \"isTrue\": false}]',693,'2024-12-29 10:22:14.890000','7 - 4 = ?\n\nA. 2\n\nB. 3\n\nC. 4\n\nD. 5',44,'2024-12-29 10:22:14.890000');
/*!40000 ALTER TABLE `ka_questions` ENABLE KEYS */;
UNLOCK TABLES;

--
-- Table structure for table `ka_rooms`
--

DROP TABLE IF EXISTS `ka_rooms`;
/*!40101 SET @saved_cs_client     = @@character_set_client */;
/*!50503 SET character_set_client = utf8mb4 */;
CREATE TABLE `ka_rooms` (
  `room_id` bigint NOT NULL AUTO_INCREMENT,
  `created_at` datetime(6) DEFAULT NULL,
  `current_joiner` int DEFAULT NULL,
  `current_question_id` bigint DEFAULT NULL,
  `current_round` int DEFAULT NULL,
  `max_joiner` int DEFAULT NULL,
  `pin_code` varchar(6) NOT NULL,
  `quantity_question` int DEFAULT NULL,
  `room_name` varchar(100) DEFAULT NULL,
  `status_active` enum('FINISHED','PLAYING','WAITING') DEFAULT NULL,
  `time_per_question` int DEFAULT NULL,
  `total_rounds` int DEFAULT NULL,
  `author_id` bigint NOT NULL,
  `set_id` bigint NOT NULL,
  PRIMARY KEY (`room_id`),
  UNIQUE KEY `UKf0pgg9fjydqtu513u4kjvkiq9` (`pin_code`),
  KEY `FK3jjrivsovplycq4mtxgfv7l15_cascade` (`set_id`),
  KEY `FKoj2202m4t84kwtxs52bf1a5ly_cascade` (`author_id`),
  CONSTRAINT `FK3jjrivsovplycq4mtxgfv7l15_cascade` FOREIGN KEY (`set_id`) REFERENCES `set_flashcards` (`set_id`) ON DELETE CASCADE,
  CONSTRAINT `FKoj2202m4t84kwtxs52bf1a5ly_cascade` FOREIGN KEY (`author_id`) REFERENCES `app_users` (`user_id`) ON DELETE CASCADE
) ENGINE=InnoDB AUTO_INCREMENT=45 DEFAULT CHARSET=utf8mb4 COLLATE=utf8mb4_0900_ai_ci;
/*!40101 SET character_set_client = @saved_cs_client */;

--
-- Dumping data for table `ka_rooms`
--

LOCK TABLES `ka_rooms` WRITE;
/*!40000 ALTER TABLE `ka_rooms` DISABLE KEYS */;
INSERT INTO `ka_rooms` VALUES (14,'2024-12-28 06:20:05.000000',2,NULL,0,3,'TJ3P1S',3,'123','WAITING',5,3,39,123),(15,'2024-12-28 06:41:17.000000',2,NULL,0,3,'786HOA',3,'123','WAITING',5,3,39,123),(16,'2024-12-28 06:42:15.000000',2,NULL,0,5,'KXE7OH',5,'100','WAITING',5,5,40,123),(17,'2024-12-28 12:19:53.000000',2,NULL,0,2,'70AAVZ',5,'on hoc ky','WAITING',5,5,39,119),(18,'2024-12-28 12:44:03.000000',2,NULL,0,2,'7Y5KLW',3,'123','WAITING',5,3,32,119),(19,'2024-12-28 12:45:56.000000',2,NULL,0,2,'WMY3XN',3,'ad','WAITING',5,3,32,119),(20,'2024-12-28 12:47:50.000000',2,NULL,0,2,'56NPK5',3,'sad','WAITING',5,3,39,119),(21,'2024-12-28 12:50:38.000000',2,NULL,0,2,'B9T1WW',3,'aaa','WAITING',5,3,32,119),(22,'2024-12-28 12:53:31.000000',2,NULL,0,2,'TTC7C6',3,'on hoc ky 1','WAITING',5,3,32,119),(23,'2024-12-28 13:01:01.000000',3,NULL,0,3,'I19VUE',3,'qqqq','WAITING',5,3,39,119),(24,'2024-12-28 13:09:49.000000',3,NULL,0,3,'QHUFK4',3,'on thi hoc ky 1','WAITING',5,3,40,119),(25,'2024-12-28 18:42:48.000000',2,NULL,0,2,'NSIX6Q',5,'onthi','WAITING',5,5,39,109),(26,'2024-12-28 18:46:19.000000',2,NULL,0,2,'N6SWMD',5,'kkk','WAITING',5,5,39,103),(27,'2024-12-28 18:47:22.000000',2,NULL,0,2,'T5CSFO',5,'aas','WAITING',5,5,39,103),(28,'2024-12-28 18:49:29.000000',2,NULL,0,2,'XET1Q9',5,'a','WAITING',5,5,39,98),(29,'2024-12-28 18:53:26.000000',2,NULL,0,2,'WVNWKP',3,'s','WAITING',5,3,39,103),(30,'2024-12-28 18:56:27.000000',2,NULL,0,3,'4V6NFY',3,'a','WAITING',5,3,39,103),(31,'2024-12-28 19:01:59.000000',2,NULL,0,2,'VMIZRM',2,'aa','WAITING',5,2,39,98),(32,'2024-12-28 19:03:18.000000',2,NULL,0,2,'EED9H3',2,'aa','WAITING',5,2,39,103),(33,'2024-12-28 19:05:23.000000',2,NULL,0,2,'ELV7OT',2,'A','WAITING',5,2,32,98),(34,'2024-12-28 19:11:31.000000',2,NULL,0,2,'HZ6TG0',2,'sa','WAITING',5,2,39,103),(35,'2024-12-28 19:18:34.000000',1,NULL,0,2,'S9Q02M',3,'sd','WAITING',5,3,39,119),(36,'2024-12-28 19:22:50.000000',1,NULL,0,2,'PP0JI6',2,'qw','WAITING',5,2,39,103),(37,'2024-12-28 19:30:39.000000',1,NULL,0,2,'8K8JHZ',2,'2','WAITING',5,2,39,103),(38,'2024-12-28 20:01:07.000000',2,NULL,0,2,'NICZMX',2,'123','WAITING',5,2,39,103),(39,'2024-12-28 20:30:18.000000',2,NULL,0,2,'7GG908',3,'sad','WAITING',5,3,32,98),(40,'2024-12-28 20:31:54.000000',1,NULL,0,2,'KQ1NJA',2,'as','WAITING',5,2,39,103),(41,'2024-12-29 09:25:35.000000',2,NULL,0,2,'AUO5SZ',5,'ÔN THI HỌC KỲ CÙNG VỚI AN','WAITING',5,5,32,138),(42,'2024-12-29 10:19:42.000000',2,NULL,0,2,'9SKL77',5,'On tap voi nhau','WAITING',5,5,38,139),(43,'2024-12-29 10:21:06.000000',2,NULL,0,2,'NWYW82',5,'exam 1','WAITING',5,5,38,139),(44,'2024-12-29 10:22:14.000000',2,NULL,0,2,'RYS4KK',3,'abc','WAITING',5,3,38,119);
/*!40000 ALTER TABLE `ka_rooms` ENABLE KEYS */;
UNLOCK TABLES;

--
-- Table structure for table `refresh_tokens`
--

DROP TABLE IF EXISTS `refresh_tokens`;
/*!40101 SET @saved_cs_client     = @@character_set_client */;
/*!50503 SET character_set_client = utf8mb4 */;
CREATE TABLE `refresh_tokens` (
  `token_id` bigint NOT NULL AUTO_INCREMENT,
  `expiry_date` datetime(6) NOT NULL,
  `token` varchar(255) NOT NULL,
  `user_id` bigint DEFAULT NULL,
  PRIMARY KEY (`token_id`),
  KEY `idx_token` (`token`),
  KEY `idx_user_id` (`user_id`),
  CONSTRAINT `fk_refresh_token_user_cascade` FOREIGN KEY (`user_id`) REFERENCES `app_users` (`user_id`) ON DELETE CASCADE
) ENGINE=InnoDB AUTO_INCREMENT=188 DEFAULT CHARSET=utf8mb4 COLLATE=utf8mb4_0900_ai_ci;
/*!40101 SET character_set_client = @saved_cs_client */;

--
-- Dumping data for table `refresh_tokens`
--

LOCK TABLES `refresh_tokens` WRITE;
/*!40000 ALTER TABLE `refresh_tokens` DISABLE KEYS */;
INSERT INTO `refresh_tokens` VALUES (6,'2024-11-22 20:39:06.770303','29f1649c-cc26-406e-acf3-349825d1500a',31),(9,'2024-11-22 21:50:21.701794','dc60162d-4f54-49b5-95c8-8697cf33da2a',32),(10,'2024-11-22 22:20:01.569712','ea496afc-7ef4-455b-b821-a891c8e96686',32),(13,'2024-11-23 00:18:04.639245','ea77690f-f9ad-4c5a-ae9f-d557c2e04a33',32),(14,'2024-11-23 00:49:06.811377','ebc692af-380a-470c-a752-f77e2ef328c0',32),(15,'2024-11-23 03:20:01.882949','efafce07-4b5b-4370-b4e2-d5aa3ba9f9b0',32),(16,'2024-11-23 16:45:10.765219','8eb663d3-d9c8-43da-a0bd-8e25583df5f5',32),(17,'2024-11-23 23:10:15.753111','6212d0ec-2f37-4e39-9261-2e7efee9392c',32),(19,'2024-11-23 23:39:43.035969','127a184a-16dd-4ccf-abbc-893be1846c24',32),(22,'2024-11-24 00:20:11.110585','b7fd983a-56b0-49db-a510-74d52a18692a',32),(25,'2024-11-25 19:56:56.217917','ddaa6a9d-c462-4f23-8921-0059986cd819',32),(27,'2024-11-26 11:22:31.896617','c2492d08-f812-4640-9223-8cbbedbfaa4b',33),(28,'2024-11-26 11:23:41.117256','a141bb02-97fe-4038-9177-3d0ac673ce36',33),(30,'2024-11-26 12:36:42.543055','1c335534-277d-4b42-93dc-dee21aeb737d',33),(31,'2024-11-26 12:49:50.575593','261155e2-973c-44da-961a-c98403bde160',33),(32,'2024-11-26 12:55:17.879443','04365829-c45a-4521-9b55-ece33deda75b',33),(33,'2024-11-26 13:17:18.608550','3c41892d-d279-4915-bf56-535e70304838',33),(35,'2024-11-26 14:32:54.336904','29bf5213-c703-4f59-acf5-648a2501ca12',32),(40,'2024-11-26 16:08:52.552199','27ccc48d-7056-48ac-823b-fb4876f7af48',32),(41,'2024-11-26 16:12:02.287470','a7ef5444-1908-42ca-8a0f-89ae022f31c9',32),(42,'2024-12-03 09:33:22.786084','051c0e3d-d71d-4d4f-a3d9-203ecfe1d35d',32),(43,'2024-12-04 20:39:04.021827','ddfe0ccf-a75a-4ec0-a239-0bffe5f39cb2',33),(44,'2024-12-04 21:32:57.344208','0219b349-53dd-45e0-99d3-519abf3435e9',33),(45,'2024-12-04 22:26:09.900532','613c57df-e306-4d05-b117-3a840f990e96',33),(46,'2024-12-04 22:29:29.538777','5c14d67d-cba2-4526-97aa-e8a5ea2c278e',33),(49,'2024-12-05 01:28:12.177903','c51f2733-651e-4c41-91ee-645051cad0c6',33),(51,'2024-12-05 01:32:44.140317','929f1729-804f-42c9-9792-8cfe2a465493',33),(53,'2024-12-05 18:01:17.443125','6e3041f5-c5dc-4247-ad2a-a36069eef7ae',32),(54,'2024-12-05 19:57:13.449434','678ad74b-088a-4c5f-9185-48680a052aac',32),(55,'2024-12-05 20:16:53.536344','221a2957-b733-445e-a842-df8539dd9cc3',32),(57,'2024-12-06 16:14:51.750705','8a6df88f-5357-4a54-bdec-2c4bb5d906ef',33),(62,'2024-12-06 17:22:44.860512','41c52065-20d2-4a10-95bd-f4c15be43806',32),(63,'2024-12-06 20:26:44.911921','47bc1ad5-498d-4d29-b5f3-84a8ba23d1cf',33),(65,'2024-12-06 21:23:26.983501','ba63b238-d2d7-4a85-aad3-3797c8649836',33),(70,'2024-12-06 23:54:16.857485','26173981-73a8-49a2-840d-4fe3e35a5d2f',32),(71,'2024-12-07 00:32:41.342931','de8a61a7-b305-4343-9717-67d37eafe4fa',32),(73,'2024-12-07 14:39:18.438270','f12770de-ec7f-4d79-a544-1b29014dadb1',32),(74,'2024-12-07 15:47:49.318111','bbf74440-0e2d-4952-a8f2-ead0fecf7a8c',32),(75,'2024-12-07 16:38:49.029192','2d19ebc2-b4b1-4678-926d-98cefc4498ca',32),(76,'2024-12-07 16:39:18.391138','39c84abe-3796-4eae-903a-8c5e3f19db42',32),(77,'2024-12-07 17:01:14.559306','059fd83e-ba04-4506-a162-d758d50ba4fb',32),(78,'2024-12-07 17:08:28.998497','1e324e6a-9c8d-4335-8147-c3158a91f8be',32),(79,'2024-12-08 02:44:30.353800','c763fe99-5ac0-4f9a-ab75-e436177fb0a3',32),(82,'2024-12-08 05:11:29.455369','3ebf684b-b0b7-4869-bc37-449e4ee643bf',32),(86,'2024-12-08 18:20:59.782777','a1bf0e4e-e189-4b73-8a96-3394d55cdf20',32),(94,'2024-12-09 16:54:05.806588','f31a997f-5c45-4fff-ac8a-8860e7fdbea2',33),(101,'2024-12-09 18:08:38.675323','99b33c8f-d784-45f3-bd20-1cffd84b6470',32),(102,'2024-12-09 21:40:59.753578','9a11f4ab-df50-4277-a9d4-48eb88557e8e',32),(109,'2024-12-10 00:34:29.953643','8606c6e2-cc63-43d3-abcd-ebc41b79052a',33),(110,'2024-12-11 22:41:56.528170','3b9e5a57-3969-4146-b0d5-47893d587552',32),(111,'2024-12-11 23:04:50.224198','0975d5d3-47fa-4c77-a5ea-ee6333c9e08f',32),(127,'2024-12-12 14:49:42.060222','2f1ae289-73bc-4b08-9dc4-e51e030c494c',33),(131,'2024-12-13 01:14:58.070273','2d7953bd-6ef8-46b6-80f3-7f303c8bd278',33),(132,'2024-12-13 15:13:20.916178','d21addb6-7941-4611-a06e-301161e339da',33),(133,'2024-12-13 15:39:20.133585','4c6ddc6c-0d90-4826-a804-c86b926cfa8e',33),(137,'2024-12-13 17:25:22.573202','5703741f-b4fd-41a1-9871-e66bb55f6630',32),(139,'2024-12-13 17:47:29.864313','09899ec9-d0d8-42e7-ac03-8614f9bdbae8',32),(140,'2024-12-13 22:02:38.642594','826ddb46-92ee-4295-8806-0868b0f35d8e',33),(147,'2024-12-14 01:06:03.375408','312f40df-f99b-4d13-83db-3a95e0cc7bd8',33),(150,'2024-12-31 04:01:21.889653','2be77b2e-ec36-450d-a713-a87d2ef51f27',39),(151,'2024-12-31 04:02:14.003621','73179469-806d-4c70-a64c-d72845b03694',39),(152,'2024-12-31 04:40:09.139069','b8b07018-7d85-496a-b64d-ebb93d7d9715',39),(154,'2024-12-31 05:51:40.369679','2e54fd4d-597a-4978-8d83-160a7917d725',39),(156,'2024-12-31 06:22:57.062602','312375cf-4ccd-4f2d-a900-4fc6c4b21301',40),(158,'2024-12-31 12:43:33.874969','6fd0cb46-9976-41b6-8951-9c3392c586b8',32),(159,'2024-12-31 12:43:37.987117','3bd9f36f-5bee-413c-9fa2-b3c0c9867909',39),(160,'2024-12-31 13:00:32.937665','81c14228-4ee0-4330-89a4-45aff5085dce',40),(163,'2024-12-31 14:56:16.147935','de430fb0-2213-4607-aa3d-6af388041c57',42),(168,'2024-12-31 15:13:35.004856','e2543f68-0ada-4512-9c13-6536c41b3f6a',34),(170,'2024-12-31 16:36:32.423369','e29cced9-6ba7-4860-97a3-aee1e09a07e5',39),(171,'2024-12-31 20:00:25.604346','2e73b10a-4e29-4d2c-a0e1-5ee1fe6a55de',32),(172,'2024-12-31 18:41:57.854553','8102b027-0e45-4dc7-8bfa-5e6214e928f7',39),(173,'2024-12-31 19:22:39.718002','5b242e11-d9e2-404e-8306-b87b53a8e1f9',39),(174,'2024-12-31 20:23:35.792591','20f5f1aa-1c15-4a26-ad5b-8a654c7f7452',39),(176,'2024-12-31 20:30:06.112992','7767122f-feef-4637-9ea0-05568b446ebc',32),(183,'2025-01-01 09:46:52.554905','a3c799d2-5738-4669-b1ef-ce203be7f3a2',46),(186,'2025-01-01 09:57:41.374139','914e9334-259e-45d2-aa27-7270ddf00734',38),(187,'2025-01-01 10:19:26.151885','8f0a0659-0372-4cc1-9a25-cb8b67490980',32);
/*!40000 ALTER TABLE `refresh_tokens` ENABLE KEYS */;
UNLOCK TABLES;

--
-- Table structure for table `set_flashcards`
--

DROP TABLE IF EXISTS `set_flashcards`;
/*!40101 SET @saved_cs_client     = @@character_set_client */;
/*!50503 SET character_set_client = utf8mb4 */;
CREATE TABLE `set_flashcards` (
  `set_id` bigint NOT NULL AUTO_INCREMENT,
  `created_at` timestamp NOT NULL DEFAULT CURRENT_TIMESTAMP,
  `description_set` text,
  `is_anonymous` bit(1) DEFAULT NULL,
  `is_approved` bit(1) DEFAULT NULL,
  `sharing_mode` bit(1) DEFAULT NULL,
  `title` varchar(100) NOT NULL,
  `updated_at` timestamp NOT NULL DEFAULT CURRENT_TIMESTAMP ON UPDATE CURRENT_TIMESTAMP,
  `category_id` bigint DEFAULT NULL,
  `user_id` bigint NOT NULL,
  PRIMARY KEY (`set_id`),
  KEY `idx_category_id` (`category_id`),
  KEY `idx_user_id` (`user_id`),
  KEY `idx_title_fulltext` (`title`),
  KEY `idx_sharing_mode` (`sharing_mode`),
  FULLTEXT KEY `title` (`title`),
  CONSTRAINT `FK4xks47o076t5c8fu78qumiucn_cascade` FOREIGN KEY (`category_id`) REFERENCES `category_set_flashcards` (`category_id`) ON DELETE CASCADE,
  CONSTRAINT `FKm03ethkcxxxqlwb18nvlhm96e_cascade` FOREIGN KEY (`user_id`) REFERENCES `app_users` (`user_id`) ON DELETE CASCADE
) ENGINE=InnoDB AUTO_INCREMENT=140 DEFAULT CHARSET=utf8mb4 COLLATE=utf8mb4_0900_ai_ci;
/*!40101 SET character_set_client = @saved_cs_client */;

--
-- Dumping data for table `set_flashcards`
--

LOCK TABLES `set_flashcards` WRITE;
/*!40000 ALTER TABLE `set_flashcards` DISABLE KEYS */;
INSERT INTO `set_flashcards` VALUES (91,'2024-01-06 10:32:36','',_binary '\0',_binary '',_binary '','Luật','2024-12-10 15:41:24',17,33),(92,'2024-11-06 10:47:13','',_binary '\0',_binary '',_binary '','mathhhhhhhhhhhhhhhhhhhhhhhhhhhhhhhhhhhhhh','2024-12-10 15:41:24',1,33),(93,'2024-10-06 10:48:43','',_binary '',_binary '',_binary '','Hóa học','2024-12-10 15:41:24',3,33),(94,'2024-04-06 10:50:05','',_binary '',_binary '',_binary '','Sinh học lớp 9','2024-12-10 15:41:24',4,33),(95,'2024-06-06 10:51:28','123',_binary '\0',_binary '',_binary '','Vật Lý ôn cuối lỳ ','2024-12-10 15:41:24',1,33),(96,'2024-09-06 10:54:50','',_binary '\0',_binary '',_binary '','Am nhac co on cuoi ky','2024-12-10 15:41:24',13,34),(97,'2024-01-06 10:57:17','',_binary '\0',_binary '',_binary '','Van thi dai học','2024-12-10 15:41:24',7,34),(98,'2024-02-06 10:59:40','',_binary '\0',_binary '',_binary '','Kinh tế vĩ mô kỳ 1','2024-12-10 15:41:24',1,34),(99,'2024-03-06 11:01:43','',_binary '\0',_binary '',_binary '','Tieng Anh nang cao cho người đi làm ','2024-12-10 15:41:24',1,34),(100,'2024-04-06 11:06:20','',_binary '\0',_binary '',_binary '','Giao tiếp Trung Ngữ','2024-12-10 15:41:24',21,34),(101,'2024-05-06 11:47:06','',_binary '\0',_binary '',_binary '','Hàn trung cấp','2024-12-10 15:41:24',21,32),(102,'2024-06-06 11:48:41','',_binary '\0',_binary '',_binary '','Tiếng Hàn cho người đi làm ','2024-12-10 15:41:24',21,32),(103,'2024-07-06 11:51:03','',_binary '\0',_binary '',_binary '','Khoa học lớp 1','2024-12-10 15:41:24',8,32),(104,'2024-08-06 16:10:40','',_binary '',_binary '',_binary '','Sinh hoc lop co Ly','2024-12-10 15:41:24',11,35),(105,'2024-09-06 16:19:24','',_binary '',_binary '',_binary '','Dia Ly co ban','2024-12-10 15:41:24',6,35),(106,'2024-12-06 16:21:04','',_binary '',_binary '',_binary '','History basic','2024-12-06 16:21:04',5,35),(107,'2024-01-06 16:22:52','',_binary '\0',_binary '',_binary '','Hoa 12','2024-12-10 15:41:24',1,36),(108,'2024-02-06 16:39:00','',_binary '\0',_binary '',_binary '','lich su HIS102','2024-12-10 15:41:24',5,36),(109,'2022-12-06 16:50:19','',_binary '\0',_binary '',_binary '','Toan 12 MATH301','2024-12-10 15:41:24',1,36),(110,'2021-12-06 16:51:12','',_binary '\0',_binary '',_binary '','Hinh hoc 10 chuyen Lê Quý Đôn','2024-12-10 15:41:24',1,36),(111,'2022-12-06 16:52:09','',_binary '\0',_binary '',_binary '','Lý Nâng cao lớp 11','2024-12-10 15:41:24',2,36),(112,'2024-03-06 16:53:57','',_binary '\0',_binary '',_binary '','Hoa 9 nang cao ','2024-12-10 15:41:24',3,36),(113,'2021-04-06 17:02:02','',_binary '',_binary '',_binary '','Ngữ văn lớp 6','2024-12-10 15:41:24',7,36),(114,'2022-12-06 17:03:41','',_binary '\0',_binary '',_binary '','Tiếng Hàn nhập môn','2024-12-10 15:41:24',8,37),(115,'2023-07-06 17:04:53','',_binary '\0',_binary '',_binary '','lap trinh co ban','2024-12-10 15:41:24',8,37),(116,'2024-07-06 17:05:43','CHU NGHIA MAC LENIN',_binary '\0',_binary '',_binary '','CHU NGHIA MAC LENIN','2024-12-10 15:41:24',1,37),(117,'2024-05-06 17:06:31','',_binary '\0',_binary '',_binary '','Tieng Nhat co ban','2024-12-10 15:41:24',21,37),(118,'2024-06-06 17:07:28','',_binary '\0',_binary '',_binary '','Thai co ban','2024-12-10 15:41:24',21,37),(119,'2024-07-06 17:09:03','',_binary '\0',_binary '',_binary '','Toan lop 1','2024-12-10 15:41:24',1,38),(120,'2024-08-06 17:09:51','',_binary '\0',_binary '',_binary '','Python nang cao thầy Lenin','2024-12-29 03:29:22',8,38),(121,'2024-09-09 15:31:12','',_binary '\0',_binary '',_binary '','nguyen nhi','2024-12-10 15:41:24',14,33),(122,'2024-12-10 18:03:45','sdfsdf',_binary '\0',_binary '',_binary '','sdf','2024-12-10 18:03:45',3,33),(123,'2024-12-27 21:05:38','',_binary '\0',_binary '',_binary '','language','2024-12-27 21:05:38',21,39),(124,'2024-12-28 14:03:40','',_binary '\0',_binary '',_binary '','Mathematics','2024-12-28 14:03:40',1,39),(125,'2024-12-28 14:04:49','',_binary '\0',_binary '',_binary '','Physics','2024-12-28 14:04:49',2,39),(126,'2024-12-28 14:05:42','Hóa học thêm',_binary '\0',_binary '',_binary '','Chemistry','2024-12-28 14:05:42',3,39),(127,'2024-12-28 14:06:47','Sinh tuyển chọn thành phố cô Cúc',_binary '\0',_binary '',_binary '','Biology','2024-12-28 14:06:47',4,39),(128,'2024-12-28 14:07:11','',_binary '\0',_binary '',_binary '','Computer Science','2024-12-28 14:07:11',8,39),(129,'2024-12-28 14:07:31','',_binary '\0',_binary '',_binary '','Economics','2024-12-28 14:07:31',1,39),(130,'2024-12-28 14:12:12','',_binary '\0',_binary '',_binary '','Mathematics','2024-12-28 14:12:12',1,45),(131,'2024-12-28 14:14:35','',_binary '\0',_binary '',_binary '','Physics International School CMU','2024-12-28 14:14:35',1,45),(132,'2024-12-28 14:15:16','',_binary '\0',_binary '',_binary '','Chemistry II','2024-12-28 14:15:16',3,45),(133,'2024-12-28 14:16:11','',_binary '\0',_binary '',_binary '','Biology LEVEL 2','2024-12-28 14:16:11',4,45),(134,'2024-12-28 14:17:26','',_binary '\0',_binary '',_binary '','Lịch sử 2 _ History','2024-12-28 14:17:26',5,45),(135,'2024-12-28 14:18:25','',_binary '\0',_binary '',_binary '','Geography CMU 2024','2024-12-28 14:18:25',6,45),(136,'2024-12-28 14:19:04','',_binary '',_binary '',_binary '','English Literature TROY II','2024-12-28 14:19:04',7,45),(137,'2024-12-28 14:19:58','Kinh tế vĩ mô - ĐH Kinh tế DN HN',_binary '\0',_binary '',_binary '','Economics','2024-12-28 14:19:58',10,45),(138,'2024-12-29 02:19:45',' - từ vựng mới học hôm nay ',_binary '\0',_binary '',_binary '','Tiếng anh','2024-12-29 02:19:45',21,46),(139,'2024-12-29 03:00:05','',_binary '\0',_binary '',_binary '','Japanese CMU / TROY II - DUY TÂN ','2024-12-29 03:00:05',21,38);
/*!40000 ALTER TABLE `set_flashcards` ENABLE KEYS */;
UNLOCK TABLES;

--
-- Table structure for table `test`
--

DROP TABLE IF EXISTS `test`;
/*!40101 SET @saved_cs_client     = @@character_set_client */;
/*!50503 SET character_set_client = utf8mb4 */;
CREATE TABLE `test` (
  `test_id` bigint NOT NULL AUTO_INCREMENT,
  `created_at` datetime(6) NOT NULL,
  `goal_score` int NOT NULL,
  `is_testing` bit(1) DEFAULT NULL,
  `remaining_time` time(6) DEFAULT NULL,
  `total_question` int NOT NULL,
  `set_id` bigint DEFAULT NULL,
  `test_mode_id` bigint DEFAULT NULL,
  `user_id` bigint DEFAULT NULL,
  PRIMARY KEY (`test_id`),
  KEY `idx_test_mode_id` (`test_mode_id`),
  KEY `idx_user_id` (`user_id`),
  KEY `idx_set_id` (`set_id`),
  CONSTRAINT `FK1c4ovh0yw8d9dx9lbn98a3icl_cascade` FOREIGN KEY (`user_id`) REFERENCES `app_users` (`user_id`) ON DELETE CASCADE,
  CONSTRAINT `FK1gll91gggwl0g3td3qbf5kcb_cascade` FOREIGN KEY (`set_id`) REFERENCES `set_flashcards` (`set_id`) ON DELETE CASCADE,
  CONSTRAINT `FKlcln92btsag0w0h7d3xwmkhry_cascade` FOREIGN KEY (`test_mode_id`) REFERENCES `test_mode` (`test_mode_id`) ON DELETE CASCADE
) ENGINE=InnoDB AUTO_INCREMENT=6 DEFAULT CHARSET=utf8mb4 COLLATE=utf8mb4_0900_ai_ci;
/*!40101 SET character_set_client = @saved_cs_client */;

--
-- Dumping data for table `test`
--

LOCK TABLES `test` WRITE;
/*!40000 ALTER TABLE `test` DISABLE KEYS */;
INSERT INTO `test` VALUES (1,'2024-12-29 09:34:18.373233',0,NULL,NULL,0,138,1,46),(2,'2024-12-29 10:08:22.497524',0,NULL,NULL,0,139,1,38),(3,'2024-12-29 10:09:36.834536',0,NULL,NULL,0,103,2,38),(4,'2024-12-29 10:17:43.886408',0,NULL,NULL,0,139,1,38),(5,'2024-12-29 10:23:52.789153',0,NULL,NULL,0,119,1,38);
/*!40000 ALTER TABLE `test` ENABLE KEYS */;
UNLOCK TABLES;

--
-- Table structure for table `test_mode`
--

DROP TABLE IF EXISTS `test_mode`;
/*!40101 SET @saved_cs_client     = @@character_set_client */;
/*!50503 SET character_set_client = utf8mb4 */;
CREATE TABLE `test_mode` (
  `test_mode_id` bigint NOT NULL AUTO_INCREMENT,
  `test_mode_name` varchar(255) DEFAULT NULL,
  PRIMARY KEY (`test_mode_id`)
) ENGINE=InnoDB AUTO_INCREMENT=3 DEFAULT CHARSET=utf8mb4 COLLATE=utf8mb4_0900_ai_ci;
/*!40101 SET character_set_client = @saved_cs_client */;

--
-- Dumping data for table `test_mode`
--

LOCK TABLES `test_mode` WRITE;
/*!40000 ALTER TABLE `test_mode` DISABLE KEYS */;
INSERT INTO `test_mode` VALUES (1,'MULTIPLE'),(2,'ESSAY');
/*!40000 ALTER TABLE `test_mode` ENABLE KEYS */;
UNLOCK TABLES;

--
-- Table structure for table `user_flashcard_settings`
--

DROP TABLE IF EXISTS `user_flashcard_settings`;
/*!40101 SET @saved_cs_client     = @@character_set_client */;
/*!50503 SET character_set_client = utf8mb4 */;
CREATE TABLE `user_flashcard_settings` (
  `id` bigint NOT NULL AUTO_INCREMENT,
  `flip_card_mode` bit(1) DEFAULT NULL,
  `last_accessed` datetime(6) DEFAULT NULL,
  `last_card_index` bigint DEFAULT NULL,
  `shuffle_mode` bit(1) DEFAULT NULL,
  `set_id` bigint NOT NULL,
  `user_id` bigint NOT NULL,
  PRIMARY KEY (`id`),
  KEY `idx_user_id` (`user_id`),
  KEY `idx_set_id` (`set_id`),
  KEY `idx_user_id_set_id` (`user_id`,`set_id`),
  KEY `idx_set_id_user_id` (`set_id`,`user_id`),
  CONSTRAINT `FK4rfqsdbd1npk6mcepmqunbuyk_cascade` FOREIGN KEY (`set_id`) REFERENCES `set_flashcards` (`set_id`) ON DELETE CASCADE,
  CONSTRAINT `FKdlf3wr8auflpkk4hvhn6lnc63_cascade` FOREIGN KEY (`user_id`) REFERENCES `app_users` (`user_id`) ON DELETE CASCADE,
  CONSTRAINT `user_flashcard_settings_chk_1` CHECK ((`last_card_index` >= 0))
) ENGINE=InnoDB AUTO_INCREMENT=69 DEFAULT CHARSET=utf8mb4 COLLATE=utf8mb4_0900_ai_ci;
/*!40101 SET character_set_client = @saved_cs_client */;

--
-- Dumping data for table `user_flashcard_settings`
--

LOCK TABLES `user_flashcard_settings` WRITE;
/*!40000 ALTER TABLE `user_flashcard_settings` DISABLE KEYS */;
INSERT INTO `user_flashcard_settings` VALUES (24,_binary '\0','2024-12-06 17:45:48.741988',190,_binary '\0',91,33),(25,NULL,'2024-12-06 18:10:38.000000',NULL,NULL,100,32),(26,_binary '','2024-12-09 02:19:43.438305',530,_binary '\0',103,32),(27,_binary '','2024-12-09 02:12:29.827238',484,_binary '\0',102,32),(28,_binary '\0','2024-12-06 22:42:18.014211',332,_binary '\0',96,32),(29,_binary '\0','2024-12-07 00:28:28.223822',640,_binary '\0',114,38),(30,NULL,'2024-12-08 23:05:25.000000',NULL,NULL,93,32),(31,_binary '\0','2024-12-09 02:20:23.318671',514,_binary '\0',103,33),(32,_binary '\0','2024-12-09 02:20:56.748644',515,_binary '\0',103,34),(33,_binary '\0','2024-12-09 02:22:05.449352',516,_binary '\0',103,38),(34,_binary '\0','2024-12-09 02:30:58.642976',514,_binary '\0',103,37),(35,_binary '\0','2024-12-09 02:28:12.442784',207,_binary '\0',92,33),(36,_binary '\0','2024-12-09 02:28:29.692441',312,_binary '\0',95,33),(37,_binary '\0','2024-12-09 02:28:18.713599',235,_binary '\0',93,33),(38,_binary '\0','2024-12-09 22:38:10.948123',271,_binary '\0',94,33),(39,_binary '\0','2024-12-09 02:28:49.242388',203,_binary '\0',92,34),(40,_binary '\0','2024-12-09 02:28:54.203443',233,_binary '\0',93,34),(41,_binary '\0','2024-12-09 02:28:57.953725',363,_binary '\0',98,34),(42,_binary '\0','2024-12-09 02:29:02.881803',296,_binary '\0',95,34),(43,NULL,'2024-12-09 02:29:36.000000',NULL,NULL,92,31),(44,NULL,'2024-12-09 02:29:41.000000',NULL,NULL,93,31),(45,NULL,'2024-12-09 02:29:46.000000',NULL,NULL,94,31),(46,NULL,'2024-12-09 02:29:52.000000',NULL,NULL,106,31),(47,NULL,'2024-12-09 02:29:55.000000',NULL,NULL,108,31),(48,_binary '\0','2024-12-09 02:30:08.763977',601,_binary '\0',110,31),(49,_binary '\0','2024-12-09 02:30:53.346422',201,_binary '\0',92,37),(50,_binary '\0','2024-12-09 02:31:02.402678',610,_binary '\0',111,37),(51,NULL,'2024-12-09 02:31:06.000000',NULL,NULL,95,37),(52,_binary '','2024-12-09 13:47:14.747956',598,_binary '\0',110,33),(53,_binary '\0','2024-12-09 22:38:32.760929',389,_binary '\0',99,33),(54,_binary '\0','2024-12-10 15:53:12.412908',595,_binary '\0',109,33),(55,NULL,'2024-12-10 17:04:52.000000',NULL,NULL,104,33),(56,NULL,'2024-12-10 17:29:32.000000',NULL,NULL,105,32),(57,_binary '\0','2024-12-10 17:29:50.744773',364,_binary '\0',98,32),(58,_binary '','2024-12-28 16:22:53.621661',511,_binary '\0',103,39),(59,_binary '\0','2024-12-28 16:27:14.656299',361,_binary '\0',98,39),(60,_binary '\0','2024-12-29 09:06:30.728231',595,_binary '\0',109,39),(61,_binary '\0','2024-12-29 09:32:20.900448',513,_binary '\0',103,46),(62,_binary '\0','2024-12-29 09:35:10.522116',581,_binary '\0',108,46),(63,_binary '\0','2024-12-29 09:32:02.258123',816,_binary '\0',135,46),(64,_binary '\0','2024-12-29 09:45:23.826242',672,_binary '\0',117,46),(65,_binary '\0','2024-12-29 09:53:17.363368',681,_binary '\0',118,34),(66,_binary '\0','2024-12-29 09:55:01.869275',819,_binary '\0',135,34),(67,_binary '\0','2024-12-29 09:55:11.784820',830,_binary '\0',136,34),(68,_binary '\0','2024-12-29 10:10:15.596873',875,_binary '\0',139,38);
/*!40000 ALTER TABLE `user_flashcard_settings` ENABLE KEYS */;
UNLOCK TABLES;

--
-- Table structure for table `user_progress`
--

DROP TABLE IF EXISTS `user_progress`;
/*!40101 SET @saved_cs_client     = @@character_set_client */;
/*!50503 SET character_set_client = utf8mb4 */;
CREATE TABLE `user_progress` (
  `progress_id` bigint NOT NULL AUTO_INCREMENT,
  `marked_for_attention` bit(1) DEFAULT NULL,
  `progress_type` bit(1) DEFAULT NULL,
  `user_id` bigint NOT NULL,
  `card_id` bigint NOT NULL,
  PRIMARY KEY (`progress_id`),
  KEY `idx_user_id` (`user_id`),
  KEY `idx_card_id` (`card_id`),
  KEY `idx_progress_type` (`progress_type`),
  KEY `idx_marked_for_attention` (`marked_for_attention`),
  CONSTRAINT `FKfrqvpio4amwkfgljyft66f0de_cascade` FOREIGN KEY (`card_id`) REFERENCES `flashcards` (`card_id`) ON DELETE CASCADE,
  CONSTRAINT `FKkoh2qs073n3kto2fj7owpm6yb_cascade` FOREIGN KEY (`user_id`) REFERENCES `app_users` (`user_id`) ON DELETE CASCADE
) ENGINE=InnoDB AUTO_INCREMENT=165 DEFAULT CHARSET=utf8mb4 COLLATE=utf8mb4_0900_ai_ci;
/*!40101 SET character_set_client = @saved_cs_client */;

--
-- Dumping data for table `user_progress`
--

LOCK TABLES `user_progress` WRITE;
/*!40000 ALTER TABLE `user_progress` DISABLE KEYS */;
INSERT INTO `user_progress` VALUES (10,_binary '\0',_binary '',33,169),(11,_binary '\0',_binary '',33,170),(12,_binary '\0',_binary '',33,171),(13,_binary '\0',_binary '',33,172),(14,_binary '\0',_binary '',33,173),(15,_binary '\0',_binary '',33,174),(16,_binary '\0',_binary '',33,175),(17,_binary '\0',_binary '',33,176),(18,_binary '\0',_binary '',33,177),(19,_binary '\0',_binary '',33,178),(20,_binary '\0',_binary '',33,179),(21,_binary '\0',_binary '',33,180),(22,_binary '\0',_binary '',33,181),(23,_binary '\0',_binary '',33,182),(24,_binary '\0',_binary '',33,183),(25,_binary '\0',_binary '',33,184),(26,_binary '\0',_binary '',33,185),(27,_binary '\0',_binary '',33,186),(28,_binary '\0',_binary '\0',33,187),(29,_binary '\0',_binary '\0',33,188),(30,_binary '\0',_binary '\0',33,189),(31,_binary '\0',_binary '\0',33,190),(32,_binary '\0',_binary '\0',33,191),(33,_binary '\0',_binary '\0',33,192),(34,_binary '\0',_binary '\0',33,193),(35,_binary '\0',_binary '\0',33,194),(36,_binary '\0',_binary '\0',33,195),(37,_binary '\0',_binary '\0',33,196),(38,_binary '\0',_binary '\0',33,197),(39,_binary '\0',_binary '',32,472),(40,_binary '\0',_binary '',32,473),(41,_binary '\0',_binary '',32,474),(42,_binary '\0',_binary '',32,475),(43,_binary '\0',_binary '',35,546),(44,_binary '\0',_binary '',35,547),(45,_binary '\0',_binary '',35,548),(46,_binary '\0',_binary '',35,549),(47,_binary '\0',_binary '',35,550),(48,_binary '\0',_binary '\0',35,551),(49,_binary '\0',_binary '\0',35,552),(50,_binary '\0',_binary '\0',35,553),(51,_binary '\0',_binary '\0',35,554),(52,_binary '\0',_binary '\0',35,555),(53,_binary '\0',_binary '',32,438),(54,_binary '\0',_binary '',32,439),(55,_binary '\0',_binary '',32,440),(56,_binary '\0',_binary '',32,441),(57,_binary '\0',_binary '',32,442),(58,_binary '\0',_binary '',32,443),(59,_binary '\0',_binary '',32,444),(60,_binary '\0',_binary '',32,445),(61,_binary '\0',_binary '',32,446),(62,_binary '\0',_binary '',32,447),(63,_binary '\0',_binary '',32,448),(64,_binary '\0',_binary '\0',44,472),(65,_binary '\0',_binary '',44,473),(66,_binary '\0',_binary '\0',44,474),(67,_binary '\0',_binary '\0',44,475),(68,_binary '\0',_binary '\0',44,476),(69,_binary '\0',_binary '\0',44,477),(70,_binary '\0',_binary '\0',44,478),(71,_binary '\0',_binary '\0',44,479),(72,_binary '\0',_binary '\0',44,480),(73,_binary '\0',_binary '',44,481),(74,_binary '\0',_binary '',44,482),(75,_binary '\0',_binary '',44,483),(76,_binary '\0',_binary '',44,484),(77,_binary '\0',_binary '',44,485),(78,_binary '\0',_binary '',44,486),(79,_binary '\0',_binary '',44,487),(80,_binary '\0',_binary '\0',44,488),(81,_binary '\0',_binary '',44,489),(82,_binary '\0',_binary '\0',44,490),(83,_binary '\0',_binary '',44,491),(84,_binary '\0',_binary '\0',44,492),(85,_binary '\0',_binary '\0',44,493),(86,_binary '\0',_binary '',44,494),(87,_binary '\0',_binary '\0',44,495),(88,_binary '\0',_binary '\0',44,496),(89,_binary '\0',_binary '',44,497),(90,_binary '\0',_binary '\0',44,498),(91,_binary '\0',_binary '\0',44,499),(92,_binary '\0',_binary '\0',44,500),(93,_binary '\0',_binary '\0',44,501),(94,_binary '\0',_binary '\0',44,502),(95,_binary '\0',_binary '\0',44,503),(96,_binary '\0',_binary '\0',46,810),(97,_binary '\0',_binary '',46,811),(98,_binary '\0',_binary '\0',46,812),(99,_binary '\0',_binary '',46,813),(100,_binary '\0',_binary '\0',46,814),(101,_binary '\0',_binary '',46,815),(102,_binary '\0',_binary '',46,818),(103,_binary '\0',_binary '\0',46,824),(104,_binary '\0',_binary '',46,816),(105,_binary '\0',_binary '',46,504),(106,_binary '',_binary '\0',46,505),(107,_binary '\0',_binary '',46,506),(108,_binary '',_binary '\0',46,507),(109,_binary '\0',_binary '',46,527),(110,_binary '\0',_binary '\0',46,514),(111,_binary '\0',_binary '',46,510),(112,_binary '\0',_binary '',46,523),(113,_binary '\0',_binary '',46,534),(114,_binary '\0',_binary '',46,532),(115,_binary '\0',_binary '',46,520),(116,_binary '\0',_binary '',46,526),(117,_binary '\0',_binary '',46,513),(118,_binary '\0',_binary '',46,528),(119,_binary '\0',_binary '\0',46,535),(120,_binary '\0',_binary '\0',46,524),(121,_binary '\0',_binary '\0',46,531),(122,_binary '\0',_binary '\0',46,525),(123,_binary '',_binary '\0',46,512),(124,_binary '\0',_binary '',46,519),(125,_binary '\0',_binary '',46,533),(126,_binary '\0',_binary '',46,521),(127,_binary '',_binary '\0',46,515),(128,_binary '\0',_binary '\0',46,509),(129,_binary '\0',_binary '',46,511),(130,_binary '\0',_binary '',46,530),(131,_binary '\0',_binary '\0',46,522),(132,_binary '\0',_binary '\0',46,518),(133,_binary '',_binary '\0',46,508),(134,_binary '\0',_binary '\0',46,529),(135,_binary '\0',_binary '\0',46,517),(136,_binary '\0',_binary '',46,516),(137,_binary '',NULL,46,668),(138,_binary '\0',_binary '\0',34,810),(139,_binary '\0',_binary '',34,811),(140,_binary '\0',_binary '\0',34,812),(141,_binary '\0',_binary '',34,813),(142,_binary '\0',_binary '\0',34,814),(143,_binary '\0',_binary '',34,815),(144,_binary '\0',_binary '\0',34,816),(145,_binary '\0',_binary '',38,868),(146,_binary '\0',_binary '\0',38,869),(147,_binary '\0',_binary '\0',38,870),(148,_binary '\0',_binary '\0',38,877),(149,_binary '\0',_binary '\0',38,871),(150,_binary '\0',_binary '\0',38,876),(151,_binary '\0',_binary '',38,873),(152,_binary '\0',_binary '\0',38,874),(153,_binary '\0',_binary '',38,872),(154,_binary '\0',_binary '',38,875),(155,_binary '\0',_binary '\0',38,695),(156,_binary '\0',_binary '',38,694),(157,_binary '\0',_binary '',38,693),(158,_binary '\0',_binary '\0',38,691),(159,_binary '\0',_binary '',38,688),(160,_binary '\0',_binary '',38,690),(161,_binary '\0',_binary '',38,687),(162,_binary '\0',_binary '',38,686),(163,_binary '\0',_binary '',38,692),(164,_binary '\0',_binary '',38,689);
/*!40000 ALTER TABLE `user_progress` ENABLE KEYS */;
UNLOCK TABLES;

--
-- Table structure for table `user_rankings`
--

DROP TABLE IF EXISTS `user_rankings`;
/*!40101 SET @saved_cs_client     = @@character_set_client */;
/*!50503 SET character_set_client = utf8mb4 */;
CREATE TABLE `user_rankings` (
  `room_id` bigint NOT NULL,
  `question_id` bigint NOT NULL,
  `user_id` bigint NOT NULL,
  `is_correct` tinyint(1) DEFAULT NULL,
  `completion_time` int DEFAULT NULL,
  `question_ranking` int DEFAULT NULL,
  `total_correct` int DEFAULT NULL,
  `total_time` int DEFAULT NULL,
  `total_ranking` int DEFAULT NULL,
  PRIMARY KEY (`room_id`,`user_id`,`question_id`),
  KEY `user_rankings_ibfk_2_cascade` (`question_id`),
  KEY `FKnovx5134nhcq3sjwxjrfhdcwd_cascade` (`user_id`),
  CONSTRAINT `FKnovx5134nhcq3sjwxjrfhdcwd_cascade` FOREIGN KEY (`user_id`) REFERENCES `ka_players` (`id`) ON DELETE CASCADE,
  CONSTRAINT `user_rankings_ibfk_1_cascade` FOREIGN KEY (`room_id`) REFERENCES `ka_rooms` (`room_id`) ON DELETE CASCADE,
  CONSTRAINT `user_rankings_ibfk_2_cascade` FOREIGN KEY (`question_id`) REFERENCES `ka_questions` (`id`) ON DELETE CASCADE,
  CONSTRAINT `user_rankings_ibfk_3_cascade` FOREIGN KEY (`user_id`) REFERENCES `ka_answers` (`user_id`) ON DELETE CASCADE
) ENGINE=InnoDB DEFAULT CHARSET=utf8mb4 COLLATE=utf8mb4_0900_ai_ci;
/*!40101 SET character_set_client = @saved_cs_client */;

--
-- Dumping data for table `user_rankings`
--

LOCK TABLES `user_rankings` WRITE;
/*!40000 ALTER TABLE `user_rankings` DISABLE KEYS */;
INSERT INTO `user_rankings` VALUES (16,111,18,0,1079,1,0,1079,1),(16,112,18,0,1281,1,0,1281,1),(16,113,18,1,879,1,1,879,1),(16,114,18,0,1344,1,0,1344,1),(16,115,18,0,2098,2,0,2098,1),(16,111,19,0,2112,2,0,2112,2),(16,112,19,0,2313,2,0,2313,2),(16,113,19,0,1615,2,0,1615,2),(16,114,19,0,1928,2,0,1928,2),(16,115,19,1,2970,1,1,2970,2),(17,116,20,0,2697,1,0,5394,1),(17,117,20,1,4156,1,2,8312,1),(17,118,20,1,3412,2,2,6824,1),(17,119,20,0,3384,2,0,6768,1),(17,120,20,1,3727,1,2,7454,1),(17,118,21,1,1829,1,2,3658,2),(17,119,21,1,4163,1,2,8326,2),(17,120,21,0,4302,2,0,8604,2),(21,130,28,1,2752,1,3,8256,1),(21,131,28,1,3489,1,3,10467,1),(21,132,29,1,2901,1,3,8703,2),(22,135,30,1,2324,1,1,2324,2),(22,133,31,1,4189,1,1,4189,1),(22,134,31,1,2131,1,1,2131,1),(23,136,32,1,1978,1,1,1978,1),(23,137,32,1,2926,1,1,2926,1),(23,138,32,1,2904,1,1,2904,1),(23,136,33,0,2940,3,0,2940,3),(23,138,33,0,3792,2,0,3792,3),(23,136,34,1,4700,2,1,4700,2),(23,138,34,0,4952,3,0,4952,2),(24,140,35,0,4727,1,0,4727,2),(24,141,35,1,1911,1,1,1911,2),(24,141,36,0,4911,3,0,4911,3),(24,141,37,1,2783,2,1,2783,1),(30,165,48,1,2009,1,4,8036,NULL),(30,166,48,0,1632,2,0,6528,NULL),(30,167,48,0,1679,2,0,6716,NULL),(30,165,49,0,1163,2,0,4652,NULL),(30,166,49,1,958,1,4,3832,NULL),(30,167,49,0,657,1,0,2628,NULL),(34,174,56,1,1692,1,3,5076,NULL),(34,175,56,0,1319,2,0,3957,NULL),(34,174,57,0,704,2,0,2112,NULL),(34,175,57,0,520,1,0,1560,NULL),(36,179,59,0,965,1,0,3860,NULL),(36,180,59,1,705,1,4,2820,NULL),(37,181,60,1,872,2,4,4249,NULL),(37,182,60,0,2160,2,1,9454,NULL),(38,183,61,0,2193,2,0,4386,NULL),(38,184,61,1,1632,2,2,3264,NULL),(38,183,62,0,1210,1,0,2420,NULL),(38,184,62,1,864,1,2,1728,NULL),(39,185,63,1,1080,1,3,3240,NULL),(39,186,63,0,1189,1,0,3567,NULL),(39,187,63,0,921,1,0,2763,NULL),(39,185,64,0,2399,2,0,7197,NULL),(39,186,64,0,1989,2,0,5967,NULL),(39,187,64,0,1568,2,0,4704,NULL),(41,190,66,0,4836,1,0,9672,NULL),(41,193,66,0,1454,1,0,2908,NULL),(41,194,66,0,2297,2,0,4594,NULL),(41,192,67,1,4879,1,2,9758,NULL),(41,193,67,0,2879,2,0,5758,NULL),(41,194,67,0,1364,1,0,2728,NULL),(42,195,68,0,771,1,0,1542,NULL),(42,196,68,0,936,1,0,1872,NULL),(42,197,68,0,1267,1,0,2534,NULL),(42,198,68,0,1124,1,0,2248,NULL),(42,195,69,0,1580,2,0,3160,NULL),(42,196,69,0,1597,2,0,3194,NULL),(42,197,69,0,2029,2,0,4058,NULL),(42,198,69,0,1908,2,0,3816,NULL),(43,200,70,0,2061,1,0,4122,NULL),(43,203,70,0,3478,1,0,6956,NULL),(43,204,70,1,790,1,2,1580,NULL),(43,200,71,0,2927,2,0,5854,NULL),(43,204,71,1,2735,2,2,5470,NULL),(44,205,73,1,3525,1,2,7050,NULL),(44,206,73,1,2694,1,2,5388,NULL),(44,207,73,1,1707,1,2,3414,NULL);
/*!40000 ALTER TABLE `user_rankings` ENABLE KEYS */;
UNLOCK TABLES;

--
-- Table structure for table `user_subscriptions`
--

DROP TABLE IF EXISTS `user_subscriptions`;
/*!40101 SET @saved_cs_client     = @@character_set_client */;
/*!50503 SET character_set_client = utf8mb4 */;
CREATE TABLE `user_subscriptions` (
  `user_subscriptions_id` bigint NOT NULL AUTO_INCREMENT,
  `expired_date` datetime(6) DEFAULT NULL,
  `status_paid` enum('PAID','PENDING','UNPAID') NOT NULL,
  `token_payment` varchar(255) NOT NULL,
  `token_type` enum('APPLE_PAY','CARD','GOOGLE_PAY','STRIPE_BALANCE') NOT NULL,
  `user_id` bigint NOT NULL,
  `category_subscriptions_id` bigint NOT NULL,
  PRIMARY KEY (`user_subscriptions_id`),
  UNIQUE KEY `UK9v3n65twffkw5oipv6p2dk3tl` (`token_payment`),
  KEY `idx_user_id` (`user_id`),
  KEY `idx_category_subscriptions_id` (`category_subscriptions_id`),
  KEY `idx_expired_date` (`expired_date`),
  KEY `idx_status_paid` (`status_paid`),
  CONSTRAINT `FK5edr0dnq3ft4uixo7h7vbd7r3_cascade` FOREIGN KEY (`category_subscriptions_id`) REFERENCES `category_subscriptions` (`category_subscriptions_id`) ON DELETE CASCADE,
  CONSTRAINT `FKcwdsjjgt9alokgpkveyl80yxc_cascade` FOREIGN KEY (`user_id`) REFERENCES `app_users` (`user_id`) ON DELETE CASCADE
) ENGINE=InnoDB AUTO_INCREMENT=26 DEFAULT CHARSET=utf8mb4 COLLATE=utf8mb4_0900_ai_ci;
/*!40101 SET character_set_client = @saved_cs_client */;

--
-- Dumping data for table `user_subscriptions`
--

LOCK TABLES `user_subscriptions` WRITE;
/*!40000 ALTER TABLE `user_subscriptions` DISABLE KEYS */;
INSERT INTO `user_subscriptions` VALUES (13,'2025-12-06 17:31:18.536000','PAID','pi_3QSyocIGukEbv88M0IZlOdML','CARD',33,2),(14,'2025-01-06 17:54:15.068000','PAID','pi_3QSzApIGukEbv88M16ujdCut','CARD',34,2),(15,'2025-01-06 18:09:18.426000','PAID','pi_3QSzPOIGukEbv88M07N6HLhR','CARD',32,2),(16,'2025-01-06 23:00:33.021000','PAID','pi_3QT3xFIGukEbv88M1soOwZw0','CARD',35,2),(17,'2025-01-06 23:29:41.022000','PAID','pi_3QT4PSIGukEbv88M1GgGqKiY','CARD',36,2),(18,'2025-01-28 04:01:52.106000','PAID','pi_3QakfLIGukEbv88M1CHaomaR','CARD',39,2),(19,'2025-01-28 14:53:23.886000','PAID','pi_3QauprIGukEbv88M0Uu2Ly0R','CARD',41,2),(20,'2025-01-28 14:56:37.452000','PAID','pi_3QauszIGukEbv88M0CQBA4Vf','CARD',42,2),(21,'2025-01-28 15:02:00.136000','PAID','pi_3QauyCIGukEbv88M0C9dGOXM','CARD',43,2),(22,'2025-01-28 15:04:46.025000','PAID','pi_3Qav0rIGukEbv88M0JiXERpx','CARD',44,2),(23,'2025-01-28 21:13:52.534000','PAID','pi_3Qb0m4IGukEbv88M1awrmgv7','CARD',45,2),(24,'2025-12-29 09:28:05.806000','PAID','pi_3QbCEdIGukEbv88M0dCCrBBW','CARD',46,2),(25,'2025-01-29 09:58:05.486000','PAID','pi_3QbCheIGukEbv88M0Fco6apO','CARD',38,2);
/*!40000 ALTER TABLE `user_subscriptions` ENABLE KEYS */;
UNLOCK TABLES;
/*!40103 SET TIME_ZONE=@OLD_TIME_ZONE */;

/*!40101 SET SQL_MODE=@OLD_SQL_MODE */;
/*!40014 SET FOREIGN_KEY_CHECKS=@OLD_FOREIGN_KEY_CHECKS */;
/*!40014 SET UNIQUE_CHECKS=@OLD_UNIQUE_CHECKS */;
/*!40101 SET CHARACTER_SET_CLIENT=@OLD_CHARACTER_SET_CLIENT */;
/*!40101 SET CHARACTER_SET_RESULTS=@OLD_CHARACTER_SET_RESULTS */;
/*!40101 SET COLLATION_CONNECTION=@OLD_COLLATION_CONNECTION */;
/*!40111 SET SQL_NOTES=@OLD_SQL_NOTES */;

-- Dump completed on 2024-12-29 10:41:10
